MIC,Name
XALS,ALBANIA SECURITIES EXCHANGE
XTIR,TIRANA STOCK EXCHANGE
XALG,ALGIERS STOCK EXCHANGE
XBDV,BOLSA DE DIVIDA E VALORES DE ANGOLA (BODIVA) - ANGOLA SECURITIES EXCHANGE
XFTX,FTX
BACE,BOLSA DE CEREALES DE BUENOS AIRES
BCFS,BOLSA DE COMERCIO DE SANTA FE
MVCX,MERCADO DE VALORES DE CORDOBA S.A.
ROFX,ROSARIO FUTURE EXCHANGE
XBCC,BOLSA DE COMERCIO DE CORDOBA
XBCM,BOLSA DE COMERCIO DE MENDOZA S.A.
XBCX,MERCADO DE VALORES DE MENDOZA S.A.
XBUE,BOLSA DE COMERCIO DE BUENOS AIRES
XCNF,BOLSA DE COMERCIO CONFEDERADA S.A.
XMAB,MERCADO ABIERTO ELECTRONICO S.A.
XMEV,MERCADO DE VALORES DE BUENOS AIRES S.A.
XMTB,MERCADO A TERMINO DE BUENOS AIRES S.A.
XMVL,MERCADO DE VALORES DEL LITORAL S.A.
XROS,BOLSA DE COMERCIO ROSARIO
XROX,MERCADO DE VALORES DE ROSARIO S.A.
XTUC,NUEVA BOLSA DE COMERCIO DE TUCUMAN S.A.
XARM,ARMENIA SECURITIES EXCHANGE
APXL,SYDNEY STOCK EXCHANGE LIMITED
ASXB,ASX BOOKBUILD
ASXC,ASX - CENTRE POINT
ASXP,ASX - PUREMATCH
ASXT,ASX TRADEMATCH
ASXV,ASX - VOLUMEMATCH
AWBX,AUSTRALIAN WHEAT BOARD
AWEX,AUSTRALIAN WOOL EXCHANGE
BGCA,BGC PARTNERS (AUSTRALIA) PTY LTD
BLEV,BLOCK EVENT
BLXA,INSTINET BLX (AU)
CFAU,CROSSFINDER AUSTRALIA
CGMA,CITI MATCH AUSTRALIA
CHIA,CBOE AUSTRALIA
CLAU,CLSA AUSTRALIA - DARK
CSAU,CREDIT SUISSE EQUITIES (AUSTRALIA) LIMITED
CXAC,CBOE AUSTRALIA - LIMIT VENUE
CXAF,CBOE AUSTRALIA MARKET PEG (FARPOINT) VENUE
CXAM,CBOE AUSTRALIA MOC
CXAN,CBOE AUSTRALIA PRIMARY PEG (NEARPOINT) VENUE
CXAP,CBOE AUSTRALIA MID-POINT VENUE
CXAQ,CBOE AUSTRALIA - QUOTED MANAGED FUNDS
CXAR,CBOE AUSTRALIA - TRANSFERABLE CUSTODY RECEIPT MARKET
CXAV,CBOE AUSTRALIA VWAP
CXAW,CBOE AUSTRALIA - WARRANTS
GFAU,GFI AUSTRALIA PTY LTD
MACB,MACQUARIE AUSTRALIA BLOCK CROSSING
MAQX,MACQUARIE INTERNAL MARKETS (AUSTRALIA)
MSAL,MORGAN STANLEY AUSTRALIA SECURITIES LIMITED
NSXB,BENDIGO STOCK EXCHANGE LIMITED
NZFX,ASX - NEW ZEALAND FUTURES & OPTIONS
SIGA,SIGMA X AUSTRALIA
SIMV,SIM VENTURE SECURITIES EXCHANGE
XASX,ASX - ALL MARKETS
XFEX,FEX GLOBAL
XLQC,LIQUIDITY CUBE PTY LTD
XNEC,NATIONAL STOCK EXCHANGE OF AUSTRALIA LIMITED
XSFE,ASX - TRADE24
XYIE,YIELDBROKER PTY LTD
APAW,WIENER BOERSE AG - APA
BKSK,BKS BANK AG - SYSTEMATIC INTERNALISER
EGSI,ERSTE GROUP BANK AG
EXAA,"WIENER BOERSE AG, AUSTRIAN ENERGY EXCHANGE"
FPWB,FIRSTPLACE WIENER BOERSE
LLAT,LIECHTENSTEINISCHE LANDESBANK (OSTERREICH) AG - SYSTEMATIC INTERNALISER
OBKL,OBERBANK AG - SYSTEMATIC INTERNALISER
RBIV,RAIFFEISEN BANK INTERNATIONAL AG - SYSTEMATIC INTERNALISER
RLBO,RAIFFEISENLANDESBANK OBERÖSTERREICH - SYSTEMATIC INTERNALISER
SLHB,SALZBURGER LANDES-HYPOTHEKENBANK
UCBA,UNICREDIT BANK AUSTRIA AG
WBAH,WIENER BOERSE AG AMTLICHER HANDEL (OFFICIAL MARKET)
WBDM,WIENER BOERSE AG VIENNA MTF (VIENNA MTF)
XRCB,RAIFFEISEN CENTROBANK AG - SYSTEMATIC INTERNALISER
XVIE,"WIENER BOERSE AG, WERTPAPIERBOERSE (SECURITIES EXCHANGE)"
XWBO,WIENER BOERSE AG
BSEX,BAKU STOCK EXCHANGE
XIBE,BAKU INTERBANK CURRENCY EXCHANGE
XBAA,BAHAMAS INTERNATIONAL SECURITIES EXCHANGE
BFEX,BAHRAIN FINANCIAL EXCHANGE
XBAH,BAHRAIN BOURSE
XCHG,CHITTAGONG STOCK EXCHANGE LTD.
XDHA,DHAKA STOCK EXCHANGE LTD
BAJM,BARBADOS STOCK EXCHANGE - JUNIOR MARKET
XBAB,BARBADOS STOCK EXCHANGE
XBIS,BARBADOS STOCK EXCHANGE - INTERNATIONAL SECURITIES MARKET
BCSE,BELARUS CURRENCY AND STOCK EXCHANGE
ALXB,EURONEXT GROWTH BRUSSELS
BEAM,MTS ASSOCIATED MARKETS
BELB,BELFIUS BANK NV/SA
BELF,BELFIUS BANK NV/SA FIXED INCOME - SYSTEMATIC INTERNALISER
BKBF,BNY MELLON S.A./N.V. - BRUSSELS BRANCH - SYSTEMATIC INTERNALISER
BKBR,BNY MELLON S.A./N.V. - BRUSSELS BRANCH
BLPX,BELGIAN POWER EXCHANGE
BMTS,MTS BELGIUM
BNPF,BNP PARIBAS FORTIS SA/NV- SYSTEMATIC INTERNALISER
KBCB,KBC BANK NV  GROUP MARKETS - SYSTEMATIC INTERNALISER
MLXB,EURONEXT ACCESS BRUSSELS
MTSD,MTS DENMARK
MTSF,MTS FINLAND
SMBB,SUMITOMO MITSUI BANKING CORPORATION - BRUSSELS BRANCH - SYSTEMATIC INTERNALISER
TNLB,EURONEXT - TRADING FACILITY BRUSSELS
TNLK,EURONEXT BLOCKS
VPXB,EURONEXT - VENTES PUBLIQUES BRUSSELS
XBRD,EURONEXT - EURONEXT BRUSSELS - DERIVATIVES
XBRU,EURONEXT - EURONEXT BRUSSELS
24EX,24 EXCHANGE
GTXE,GTX ECN
XBDA,BERMUDA STOCK EXCHANGE LTD
XBOL,BOLSA BOLIVIANA DE VALORES S.A.
BLBF,BANJA LUKA STOCK EXCHANGE - FREE MARKET
XBLB,BANJA LUKA STOCK EXCHANGE
XSSE,SARAJEVO STOCK EXCHANGE
BOTE,BOTSWANA STOCK EXCHANGE - EXCHANGE TRADED FUNDS (ETF)
BOTV,BOTSWANA STOCK EXCHANGE - VENTURE CAPITAL
XBOT,BOTSWANA STOCK EXCHANGE
BCMM,BOLSA DE CEREAIS E MERCADORIAS DE MARINGÁ
BOVM,BOLSA DE VALORES MINAS-ESPÍRITO SANTO-BRASÍLIA
BRIX,BRAZILIAN ENERGY EXCHANGE
BVMF,B3 S.A. - BRASIL BOLSA BALCAO
CETI,CETIP S.A. - MERCADOS ORGANIZADOS
SELC,SISTEMA ESPECIAL DE LIQUIDACAO E CUSTODIA DE TITULOS PUBLICOS
ABUL,BULGARIAN STOCK EXCHANGE - ALTERNATIVE MARKET
BDSK,DSK BANK EAD
BEBG,BULGARIAN ENERGY TRADING PLATFORM
BGHX,BALKAN GAS HUB EAD
EUFN,EURO-FINANCE AD
GBUL,BULGARIAN STOCK EXCHANGE - SME GROWTH MARKET BEAM
GMBG,MTF SOFIA - GROWTH MARKET
IBEX,INDEPENDENT BULGARIAN ENERGY EXCHANGE
IBUL,BULGARIAN STOCK EXCHANGE - INTERNATIONAL INSTRUMENTS
JBUL,BULGARIAN STOCK EXCHANGE - INTERNATIONAL MTF
MBUL,MTF SOFIA
PBUL,BULGARIAN STOCK EXCHANGE - APA
T212,TRADING 212 LIMITED - SYSTEMATIC INTERNALISER
UCBG,UNICREDIT BULBANK AD - SYSTEMATIC INTERNALISER
XBUL,BULGARIAN STOCK EXCHANGE
ZBUL,BULGARIAN STOCK EXCHANGE - MAIN MARKET
XCSX,CAMBODIA SECURITIES EXCHANGE
XDSX,DOUALA STOCK EXCHANGE
BNSX,THE BANK OF NOVA SCOTIA - SYSTEMATIC INTERNALISER
CAND,CANDEAL.CA INC
CANX,CANNEX FINANCIAL EXCHANGE LTS
CHIC,CHI-X CANADA ATS
COTC,BMO CAPITAL MARKETS - CAD OTC TRADES
CSE2,CANADIAN SECURITIES EXCHANGE - CSE2
EQCA,EQUILEND CANADA CORP.
IVZX,INVESCO CANADA PTF TRADES
LICA,LIQUIDNET CANADA ATS
LYNX,LYNX ATS
MATN,MATCH NOW
NEOC,NEO CONNECT
NEOD,NEO EXCHANGE - NEO-D (DARK)
NEOE,NEO EXCHANGE - NEO-L (MARKET BY ORDER)
NEON,NEO EXCHANGE - NEO-N (MARKET BY PRICE)
NGXC,NATURAL GAS EXCHANGE
OMGA,OMEGA ATS
PURE,CANADIAN SECURITIES EXCHANGE - PURE
VDRK,TSX VENTURE EXCHANGE - DRK
XATS,ALPHA EXCHANGE
XBBK,PERIMETER FINANCIAL CORP. - BLOCKBOOK ATS
XCNQ,CANADIAN SECURITIES EXCHANGE
XCX2,CX2
XCXD,NASDAQ CXD
XDRK,TORONTO STOCK EXCHANGE - DRK
XICX,INSTINET CANADA CROSS
XMOC,MONTREAL CLIMATE EXCHANGE
XMOD,THE MONTREAL EXCHANGE / BOURSE DE MONTREAL
XTNX,TSX VENTURE EXCHANGE - NEX
XTSE,TORONTO STOCK EXCHANGE
XTSX,TSX VENTURE EXCHANGE
XBVC,CAPE VERDE STOCK EXCHANGE
XCAY,CAYMAN ISLANDS STOCK EXCHANGE
BOVA,BOLSA DE CORREDORES - BOLSA DE VALORES
XBCL,LA BOLSA ELECTRONICA DE CHILE
XSGO,SANTIAGO STOCK EXCHANGE
BJSE,BEIJING STOCK EXCHANGE
CCFX,CHINA FINANCIAL FUTURES EXCHANGE
CFBC,CHINA FOREIGN EXCHANGE TRADE SYSTEM - SHANGHAI - HONG KONG BOND CONNECT
CSSX,CHINA STAINLESS STEEL EXCHANGE
GSXC,GSX CHINA
NEEQ,NATIONAL EQUITIES EXCHANGE AND QUOTATIONS
SGEX,SHANGHAI GOLD EXCHANGE
XCFE,CHINA FOREIGN EXCHANGE TRADE SYSTEM
XDCE,DALIAN COMMODITY EXCHANGE
XINE,SHANGHAI INTERNATIONAL ENERGY EXCHANGE
XSEC,SHENZHEN STOCK EXCHANGE - SHENZHEN - HONG KONG STOCK CONNECT
XSGE,SHANGHAI FUTURES EXCHANGE
XSHE,SHENZHEN STOCK EXCHANGE
XSHG,SHANGHAI STOCK EXCHANGE
XSSC,SHANGHAI STOCK EXCHANGE - SHANGHAI - HONG KONG STOCK CONNECT
XZCE,ZHENGZHOU COMMODITY EXCHANGE
XBOG,BOLSA DE VALORES DE COLOMBIA
XBNV,"BOLSA NACIONAL DE VALORES, S.A."
XCRO,CROATIAN POWER EXCHANGE
XOTP,OTP BANKA D.D.
XTRZ,ZAGREB MONEY AND SHORT TERM SECURITIES MARKET INC
XZAG,ZAGREB STOCK EXCHANGE
XZAP,PROGRESS MARKET
ZAPA,ZAGREB STOCK EXCHANGE - APA
DCSX,DUTCH CARIBBEAN SECURITIES EXCHANGE
ATHL,ATHLOS CAPITAL INVESTMENT SERVICES LTD - SYSTEMATIC INTERNALISER
ATLN,ATONLINE LIMITED - SYSTEMATIC INTERNALISER
BCSC,BROKERCREDITSERVICE (CYPRUS) LIMITED - SYSTEMATIC INTERNALISER
CFIF,CREDIT FINANCIER INVEST (CFI) LTD
GPBC,GPB-FINANCIAL SERVICES LTD - SYSTEMATIC INTERNALISER
MKAP,MERITKAPITAL - SYSTEMATIC INTERNALISER
RENC,RENAISSANCE SECURITIES (CYPRUS) LIMITED
SIBC,SIB CYPRUS LTD - SYSTEMATIC INTERNALISER
TMCY,TRADING 212 MARKETS LIMITED - SYSTEMATIC INTERNALISER
XCYO,CYPRUS STOCK EXCHANGE - OTC
XCYS,CYPRUS STOCK EXCHANGE
XECM,MTF - CYPRUS EXCHANGE
CELP,"ČESKOSLOVENSKÁ OBCHODNÍ BANKA, A.S. - OTHER LIQUIDITY PROVIDER (OLP)"
CESI,"ČESKOSLOVENSKÁ OBCHODNÍ BANKA, A.S. - SYSTEMATIC INTERNALISER"
CSAS,"CESKA SPORITELNA, A.S. - SYSTEMATIC INTERNALISER"
CSOB,"ČESKOSLOVENSKÁ OBCHODNÍ BANKA, A.S."
FTFM,42 FINANCIAL SERVICES - MTF
FTFS,42 FINANCIAL SERVICES
KOME,"KOMERCNI BANKA, A.S."
PATF,PATRIA FINANCE A.S.
RFBK,"RAIFFEISENBANK, AS.  - SYSTEMATIC INTERNALISER"
UBCZ,"UNICREDIT BANK CZECH REPUBLIC AND SLOVAKIA, A.S."
WOOD,"WOOD & COMPANY FINANCIAL SERVICES, A.S. - SYSTEMATIC INTERNALISER"
XPRA,PRAGUE STOCK EXCHANGE
XPRM,PRAGUE STOCK EXCHANGE - MTF
XPXE,POWER EXCHANGE CENTRAL EUROPE
XRMO,RM-SYSTEM CZECH STOCK EXCHANGE - MTF
XRMZ,RM-SYSTEM CZECH STOCK EXCHANGE
ABSI,ALM. BRAND BANK - SYSTEMATIC INTERNALISER
ALSI,AKTIESELSKABET ARBEJDERNES LANDSBANK - SYSTEMATIC INTERNALISER
DASI,DANSKE BANK A/S - SYSTEMATIC INTERNALISER
DCSE,NASDAQ COPENHAGEN A/S - NORDIC@MID
DKTC,DANSK OTC
DNDK,FIRST NORTH DENMARK - NORDIC@MID
DSME,FIRST NORTH DENMARK -SME GROWTH MARKET
FNDK,FIRST NORTH DENMARK
JBSI,JYSKE BANK - SYSTEMATIC INTERNALISER
JYSI,DEN JYSKE SPAREKASSE - SYSTEMATIC INTERNALISER
LASP,LAN AND SPAR BANK A/S
MCSE,NASDAQ COPENHAGEN A/S - AUCTION ON DEMAND
MNDK,FIRST NORTH DENMARK - AUCTION ON DEMAND
NPGA,GASPOINT NORDIC A/S
NYSI,NYKREDIT BANK - SYSTEMATIC INTERNALISER
SBSI,SYDBANK A/S
SKSI,SPAREKASSEN KRONJYLLAND - SYSTEMATIC INTERNALISER
SNSI,SPAR NORD BANK - SYSTEMATIC INTERNALISER
SXSI,SAXO BANK A/S
XCSE,NASDAQ COPENHAGEN A/S
XBVR,BOLSA DE VALORES DE LA REPUBLICA DOMINICANA SA.
XGUA,BOLSA DE VALORES DE GUAYAQUIL
XQUI,BOLSA DE VALORES DE QUITO
NILX,NILE STOCK EXCHANGE
XCAI,EGYPTIAN EXCHANGE
XSVA,EL SALVADOR STOCK EXCHANGE
FNEE,FIRST NORTH ESTONIA
LMNR,LUMINOR BANK AS
SWEE,SWEDBANK ESTONIA - SYSTEMATIC INTERNALISER
XTAL,NASDAQ TALLINN AS
VMFX,THE FAROESE SECURITIES MARKET
XSPS,SOUTH PACIFIC STOCK EXCHANGE
DHEL,NASDAQ HELSINKI LTD - NORDIC@MID
DNFI,FIRST NORTH FINLAND - NORDIC@MID
FGEX,KAASUPORSSI - FINNISH GAS EXCHANGE
FNFI,FIRST NORTH FINLAND
FSME,FIRST NORTH FINLAND - SME GROWTH MARKET
MHEL,NASDAQ HELSINKI LTD -  AUCTION ON DEMAND
MNFI,FIRST NORTH FINLAND - AUCTION ON DEMAND
OPCO,OP CORPORATE BANK PLC - SYSTEMATIC INTERNALISER
XHEL,NASDAQ HELSINKI LTD
XNOR,NORDEA - SYSTEMATIC INTERNALISER
AACA,CREDIT AGRICOLE CIB - SYSTEMATIC INTERNALISER
ALXP,EURONEXT GROWTH PARIS
AQEA,AQUIS EXCHANGE EUROPE AUCTION ON DEMAND (AOD)
AQED,AQUIS EXCHANGE EUROPE NON DISPLAY ORDER BOOK (NDOB)
AQEU,AQUIS EXCHANGE EUROPE
AURB,AUREL
AURO,AUREL - OTF
BNPA,BNP PARIBAS ARBITRAGE SNC - SYSTEMATIC INTERNALISER
BNPS,BNP PARIBAS SA - SYSTEMATIC INTERNALISER
BPSX,BNP PARIBAS SECURITIES SERVICES - SYSTEMATIC INTERNALISER
BRED,BRED BANQUE POPULAIRE - SYSTEMATIC INTERNALISER
CMCI,CREDIT INDUSTRIEL ET COMMERCIAL - SYSTEMATIC INTERNALISER
COAL,LA COTE ALPHA
EDRF,EDMOND DE ROTHSCHILD  (FRANCE) - SYSTEMATIC INTERNALISER
ELXE,ELIXIUM S.A.
ENSL,ENGNSOL - OMP
EPEX,EPEX SPOT SE
ESLO,ENGNSOL
EXSB,EXANE DERIVATIVES - SYSTEMATIC INTERNALISER CORPORATE BONDS
EXSD,EXANE DERIVATIVES - SYSTEMATIC INTERNALISER OTC DERIVATIVES
EXSE,EXANE BNP PARIBAS - SYSTEMATIC INTERNALISER
EXSF,EXANE DERIVATIVES - SYSTEMATIC INTERNALISER OTHER BONDS
EXSH,EXANE DERIVATIVES - SYSTEMATIC INTERNALISER SHARES
EXSP,EXANE DERIVATIVES - SYSTEMATIC INTERNALISER STRUCTURED PRODUCTS
EXSY,EXANE DERIVATIVES - SYSTEMATIC INTERNALISER
EXYY,EXANE DERIVATIVES - SYSTEMATIC INTERNALISER CONVERTIBLES
FMTS,MTS FRANCE SAS
GFPO,GFI PARIS - OTF
GIPB,GOLDMAN SACHS INTERNATIONAL PARIS BRANCH
GMEO,GRIFFIN MARKETS EUROPE - OTF
GMES,GRIFFIN MARKETS EUROPE
GMTF,GALAXY
GSPX,GOLDMAN SACHS INTERNATIONAL PARIS BRANCH - SYSTEMATIC INTERNALISER
HBFR,HSBC CONTINENTAL EUROPE - SYSTEMATIC INTERNALISER
HPCO,HPC ETRADING
HPCS,HPC ENERGY TRADING
HPCV,HPC SA - VOICE OTF
HPCX,HPC SA
ICOR,ICAP EU -  OTF - REGISTRATION
ICOT,ICAP EU - OTF
KOTF,OTFLINK
LCHC,LCH.CLEARNET
LNEQ,TP ICAP EU - MTF - LIQUIDNET EU EQUITY
LNFI,TP ICAP EU - MTF - LIQUIDNET EU FIXED INCOME
MAQE,MACQUARIE BANK EUROPE DESIGNATED ACTIVITY COMPANY - SYSTEMATIC INTERNALISER
MHBP,MIZUHO BANK LTD. - PARIS BRANCH - SYSTEMATIC INTERNALISER
MKTF,MARKET SECURITIES (FRANCE) SA
MLER,BOFA SECURITIES EUROPE - RFQ - SYSTEMATIC INTERNALISER
MLES,BOFA SECURITIES EUROPE - SYSTEMATIC INTERNALISER
MLEX,BOFA SECURITIES EUROPE
MTCH,BONDMATCH
MUBP,"MUFG BANK, LTD. - PARIS BRANCH - SYSTEMATIC INTERNALISER"
NABP,NATIONAL AUSTRALIA BANK EUROPE S.A.
NATX,NATIXIS - SYSTEMATIC INTERNALISER
NOWX,NOW CP - NEU CP
ODDO,ODDO BHF
ODOC,ODDO CONTREPARTIE
RBCC,RBC - PARIS BRANCH - SYSTEMATIC INTERNALISER
SGMU,SIGMA X EUROPE NON-DISPLAYED BOOK
SGMV,SIGMA X EUROPE AUCTION BOOK
SGMW,SIGMA X EUROPE NEGOTIATED TRADE
SGOE,SG OPTION EUROPE - SYSTEMATIC INTERNALISER
SMBP,SUMITOMO MITSUI BANKING CORPORATION EUROPE LIMITED - PARIS BRANCH
TDON,TRADITION PARIS - TSAF
TLCM,LOUIS CAPITAL MARKETS EU
TPEE,TP ICAP EU - MTF - EQUITY AND ETF
TPER,TULLETT PREBON EU OTF - REGISTRATION
TPEU,TULLETT PREBON EU OTF
TPIC,TP ICAP EU - MTF
TPIO,TP ICAP EU - MTF - ORDERBOOK
TPIR,TP ICAP EU - MTF - REGISTRATION
TRXE,TRAD-X EUROPE
TSAF,TSAF OTC - OTF
WFSE,"WELLS FARGO SECURITIES EUROPE, S.A."
XAFR,ALTERNATIVA FRANCE
XAPA,EURONEXT - APA
XBLK,EURONEXT BLOCK 2
XBLN,BLUENEXT
XETF,EURONEXT ETF ACCESS
XMAT,EURONEXT PARIS MATIF
XMLI,EURONEXT ACCESS PARIS
XMON,EURONEXT PARIS MONEP
XPAR,EURONEXT - EURONEXT PARIS
XPOW,POWERNEXT
XSGA,SOCIETE GENERALE - SYSTEMATIC INTERNALISER
XSPM,EURONEXT STRUCTURED PRODUCTS MTF
XTXE,XTX MARKETS SAS
XGSE,GEORGIA STOCK EXCHANGE
360T,360T
AUTO,AUTOBAHN FX
BAAD,BAADER BANK - SYSTEMATIC INTERNALISER
BDEA,BAYERNLB - IDEAL FX - SYSTEMATIC INTERNALISER
BERA,BOERSE BERLIN - REGULIERTER MARKT
BERB,BOERSE BERLIN - FREIVERKEHR
BERC,BOERSE BERLIN - BERLIN SECOND REGULATED MARKET
BGFI,BERENBERG FIXED INCOME - SYSTEMATIC INTERNALISER
BGFX,BERENBERG FX - SYSTEMATIC INTERNALISER
BGSI,BERENBERG - SYSTEMATIC - INTERNALISER
BINV,BOND INVEST - SYSTEMATIC INTERNALISER
BLBB,BAYERNLB
BLBS,BAYERNLB - BONDS MARKET - SYSTEMATIC INTERNALISER
BLEQ,BAYERNLB - EQUITIES MARKET
BLFX,BAYERNLB - FX DERIVATIVES MARKET
BLIQ,BAYERNLB - LIQP BONDS MARKET
BOCF,BANK OF CHINA LIMITED - FRANKFURT BRANCH - SYSTEMATIC INTERNALISER
BSFX,BAYERNLB - FX HANDEL - SYSTEMATIC INTERNALISER
CATS,CATS
CBKA,COMMERZBANK AG
CBKC,COMMERZBANK  COMMODITY DERIVATIVES - SYSTEMATIC INTERNALISER
CBKD,COMMERZBANK EQUITY DERIVATIVES - SYSTEMATIC INTERNALISER
CBKE,COMMERZBANK EQUITY - SYSTEMATIC INTERNALISER
CBKF,COMMERZBANK COMMANDER - SYSTEMATIC INTERNALISER
CBKG,COMMERZBANK FIXED INCOME - SYSTEMATIC INTERNALISER
CBKS,COMMERZBANK INTEREST RATE SWAPS - SYSTEMATIC INTERNALISER
CDSI,CREDIT SUISSE (DEUTSCHLAND) AG - SYSTEMATIC INTERNALISER
CGEC,CITIGROUP GLOBAL MARKETS  EUROPE AG - EMEA LIQUIDITY HUB
CGEE,CITI MATCH DE CONTRA LIQUIDITY
CGET,CITIGROUP GLOBAL MARKETS  EUROPE AG - EMEA TRADING
CGMD,CITIGROUP GLOBAL MARKETS EUROPE AG - SYSTEMATIC INTERNALISER
CSDA,CREDIT SUISSE AKTIENGESELLSCHAFT
DAPA,DEUTSCHE BOERSE AG - APA SERVICE
DBAG,DEUTSCHE BANK AG
DBDX,DEUTSCHE BOERSE DIGITAL EXCHANGE
DBES,DEUTSCHE BANK AG - SYSTEMATIC INTERNALISER
DBLN,DEUTSCHE BANK AG - LONDON - SYSTEMATIC INTERNALISER
DBMO,DEUTSCHE BANK - MANUAL OTC
DBOX,DEUTSCHE BANK OFF EXCHANGE TRADING
DEKA,DEKABANK DEUTSCHE GIROZENTRALE
DUSA,BOERSE DUESSELDORF - REGULIERTER MARKT
DUSB,BOERSE DUESSELDORF - FREIVERKEHR
DUSC,BOERSE DUESSELDORF - QUOTRIX - REGULIERTER MARKT
DUSD,BOERSE DUESSELDORF - QUOTRIX MTF
DZBK,DZ BANK - SYSTEMATIC INTERNALISER
EBLX,BLOCKMATCH EUROPE DARK
ECAG,EUREX CLEARING AG
ECGS,EUREX CLEARING AG - SME
ENTW,BLOCKMATCH EUROPE NT
EQTA,BOERSE BERLIN EQUIDUCT TRADING - REGULIERTER MARKT
EQTB,BOERSE BERLIN EQUIDUCT TRADING - BERLIN SECOND REGULATED MARKET
EQTC,BOERSE BERLIN EQUIDUCT TRADING - FREIVERKEHR
EQTD,BOERSE BERLIN EQUIDUCT TRADING - OTC
ERFQ,BLOCKMATCH EUROPE RFQ
EUWA,EUWAX AG - SYSTEMATIC INTERNALISER
EUWX,EUWAX
FICX,FINANCIAL INFORMATION CONTRIBUTORS EXCHANGE
FRAA,BOERSE FRANKFURT - REGULIERTER MARKT
FRAB,BOERSE FRANKFURT - FREIVERKEHR
FRAS,BOERSE FRANKFURT - SCALE
FRAU,BOERSE FRANKFURT - REGULIERTERMARKT - OFF-BOOK
FRAV,BOERSE FRANKFURT - FREIVERKEHR - OFF-BOOK
FRAW,BOERSE FRANKFURT - SCALE - OFF-BOOK
GSBE,GOLDMAN SACHS BANK EUROPE SE
GSEI,GOLDMAN SACHS BANK EUROPE SE - SYSTEMATIC INTERNALISER
HAMA,BOERSE HAMBURG - REGULIERTER MARKT
HAMB,BOERSE HAMBURG - FREIVERKEHR
HAML,BOERSE HAMBURG - LANG AND SCHWARZ EXCHANGE
HAMM,BOERSE HAMBURG - LANG AND SCHWARZ EXCHANGE - REGULIERTER MARKT
HAMN,BOERSE HAMBURG - LANG AND SCHWARZ EXCHANGE - FREIVERKEHR
HANA,BOERSE HANNOVER - REGULIERTER MARKT
HANB,BOERSE HANNOVER - FREIVERKEHR
HELA,HELABA - SYSTEMATIC INTERNALISER
HSBT,HSBC TRINKAUS AND BURKHARDT AG - SYSTEMATIC INTERNALISER
IKBS,IKB DEUTSCHE INDUSTRIEBANK AG - SYSTEMATIC INTERNALISER
JEFE,JEFFERIES EUROPE
JESI,JEFFERIES EUROPE - SYSTEMATIC INTERNALISER
JPEU,J.P. MORGAN SE - SYSTEMATIC INTERNALISER
LBBW,LBBW - LANDESBANK BADEN-WUERTTEMBERG
LBCW,LLOYDS BANK CORPORATE MARKETS WERTPAPIERHANDELSBANK GMBH - SYSTEMATIC INTERNALISER
LBWL,LBBW - LANDESBANK BADEN-WUERTTEMBERG - LIQUIDITY PROVIDER
LBWS,LBBW - LANDESBANK BADEN-WUERTTEMBERG - SYSTEMATIC INTERNALISER
LIGA,LIGA BANK EG - SYSTEMATIC INTERNALISER
LSSI,LANG AND SCHWARZ TRADE CENTER - SYSTEMATIC INTERNALISER
MESI,MORGAN STANLEY EUROPE S.E. - SYSTEMATIC INTERNALISER
MHBD,"MIZUHO BANK, LTD. DUESSELDORF BRANCH - SYSTEMATIC INTERNALISER"
MHEU,MIZUHO SECURITIES EUROPE - SYSTEMATIC INTERNALISER
MSEU,MORGAN STANLEY EUROPE S.E.
MUNA,BOERSE MUENCHEN - REGULIERTER MARKT
MUNB,BOERSE MUENCHEN - FREIVERKEHR
MUNC,BOERSE MUENCHEN - GETTEX - REGULIERTER MARKT
MUND,BOERSE MUENCHEN - GETTEX - FREIVERKEHR
NCME,SMBC NIKKO CAPITAL MARKETS EUROPE GMBH
NESI,NOMURA EUROPE - SYSTEMATIC INTERNALISER
NLBX,NORDDEUTSCHE LANDESBANK - GIROZENTRALE - SYSTEMATIC INTERNALISER
NORD,HSH NORDBANK - SYSTEMATIC INTERNALISER
OLBB,OLDENBURGISCHE LANDESBANK AG FX  HANDEL - SYSTEMATIC INTERNALISER
RBCG,RBC CAPITAL MARKETS (EUROPE) GMBH
SCAG,STANDARD CHARTERED BANK AG - SYSTEMATIC INTERNALISER
SEBA,STIFEL EUROPE BANK AG  - SYSTEMATIC INTERNALISER
SMBD,SUMITOMO MITSUI BANKING CORPORATION - DUESSELDORF BRANCH - SYSTEMATIC INTERNALISER
SMFF,SMBC BANK EU AG - SYSTEMATIC INTERNALISER
SPEX,SPECTRUM MARKETS
SSBI,STATE STREET BANK INTERNATIONAL GMBH
SSBM,STATE STREET BANK INTERNATIONAL FX - SYSTEMATIC INTERNALISER
STUA,BOERSE STUTTGART - REGULIERTER MARKT
STUB,BOERSE STUTTGART - FREIVERKEHR
STUC,BOERSE STUTTGART - REGULIERTER MARKT - TECHNICAL PLATFORM 2
STUD,BOERSE STUTTGART - FREIVERKEHR - TECHNICAL PLATFORM 2
STUE,BOERSE STUTTGART - REGULIERTER MARKT - TECHNICAL PLATFORM 3
STUF,BOERSE STUTTGART - FREIVERKEHR - TECHNICAL PLATFORM 3
TGAT,TRADEGATE EXCHANGE
TGSI,TRADEGATE EXCHANGE - SYSTEMATIC INTERNALISER
UBSI,UBS EUROPE SE - SYSTEMATIC INTERNALISER
UBSL,UBS EUROPE SE - TRADING
UCDE,UNICREDIT BANK AG - SYSTEMATIC INTERNALISER
VONT,BANK VONTOBEL EUROPE AG - SYSTEMATIC INTERNALISER
VTLS,TRADELINK
VTPS,TRADEPLUS
VWDA,VWD - APA SERVICE
VWDX,VWD TRANSACTIONSOLUTIONS AG
XBER,BOERSE BERLIN
XDEX,BOERSE STUTTGART - DIGITAL EXCHANGE
XDUS,BOERSE DUESSELDORF
XECB,ECB EXCHANGE RATES
XECC,EUROPEAN COMMODITY CLEARING AG
XEEE,EUROPEAN ENERGY EXCHANGE
XEEO,EUROPEAN ENERGY EXCHANGE - NON-MTF MARKET
XEER,EUROPEAN ENERGY EXCHANGE - REGULATED MARKET
XEHQ,EUREX REPO - HQLA MARKET
XEQT,BOERSE BERLIN EQUIDUCT TRADING
XERE,EUREX REPO - FUNDING AND FINANCING PRODUCTS
XERT,EUREX REPO - TRIPARTY
XETA,XETRA - REGULIERTER MARKT
XETB,XETRA - FREIVERKEHR
XETE,XETRA - NON-FINANCIAL INSTRUMENTS
XETR,XETRA
XETS,XETRA - SCALE
XETU,XETRA - REGULIERTERMARKT - OFF-BOOK
XETV,XETRA - FREIVERKEHR - OFF-BOOK
XETW,XETRA - SCALE - OFF-BOOK
XETX,XETRA - NON-FINANCIAL INSTRUMENTS - OFF-BOOK
XEUM,EUREX REPO SECLEND MARKET
XEUP,EUREX REPO GMBH
XEUR,EUREX DEUTSCHLAND
XFRA,DEUTSCHE BOERSE AG
XGAT,TRADEGATE EXCHANGE - FREIVERKEHR
XGRM,TRADEGATE EXCHANGE - REGULIERTER MARKT
XHAM,HANSEATISCHE WERTPAPIERBOERSE HAMBURG
XHAN,NIEDERSAECHSISCHE BOERSE ZU HANNOVER
XIGG,BLOCKMATCH EUROPE
XINV,INVESTRO
XMUN,BOERSE MUENCHEN
XPOT,EUROPEAN ENERGY EXCHANGE - OTF GAS MARKET
XPSF,EUROPEAN ENERGY EXCHANGE - REGULATED GAS MARKET
XQTX,BOERSE DUESSELDORF - QUOTRIX
XSC1,BOERSE FRANKFURT WARRANTS TECHNICAL 1
XSC2,BOERSE FRANKFURT WARRANTS TECHNICAL 2
XSC3,BOERSE FRANKFURT WARRANTS TECHNICAL 3
XSCO,BOERSE FRANKFURT WARRANTS TECHNICAL
XSTF,BOERSE STUTTGART - TECHNICAL PLATFORM 2
XSTP,BOERSE STUTTGART - TECHNICAL PLATFORM 3
XSTU,BOERSE STUTTGART
XXSC,FRANKFURT CEF SC
ZOBX,ZOBEX
XGHA,GHANA STOCK EXCHANGE
GSXL,THE GIBRALTAR STOCK EXCHANGE
AAPA,ATHENS EXCHANGE - APA
ABFI,ALPHA BANK - SYSTEMATIC INTERNALISER
ASEX,ATHENS STOCK EXCHANGE
ENAX,ATHENS EXCHANGE ALTERNATIVE MARKET
ERBX,EUROBANK - SYSTEMATIC INTERNALISER
HDAT,ELECTRONIC SECONDARY SECURITIES MARKET (HDAT)
HEDE,HENEX FINANCIAL ENERGY MARKET - DERIVATIVES MARKET
HEMO,HENEX S.A.
HESP,HENEX ELECTRICITY SPOT MARKET
HGSP,HENEX GAS SPOT MARKET
HOTC,HELLENIC EXCHANGE OTC MARKET
PBGR,PIRAEUS BANK - SYSTEMATIC INTERNALISER
XADE,ATHENS EXCHANGE S.A. DERIVATIVES MARKET
XATH,ATHENS EXCHANGE S.A. CASH MARKET
XIPO,HELEX ELECTRONIC BOOK BUILDING
XGTG,BOLSA DE VALORES NACIONAL SA
XCIE,THE INTERNATIONAL STOCK EXCHANGE
GSCI,THE GUYANA ASSOCIATION OF SECURITIES COMPANIES AND INTERMEDIARIES INC.
XBCV,BOLSA CENTROAMERICANA DE VALORES S.A.
BACR,BANK OF AMERICA SECURITIES - CENTRAL RISK
BAEP,BANK OF AMERICA MERRILL LYNCH EQUITY SWAP - EXTERNAL PRICE SOURCE
BAIP,BANK OF AMERICA MERRILL LYNCH EQUITY SWAP - INTERNAL PRICE SOURCE
BASE,BANK OF AMERICA MERRILL LYNCH - SWAP EXECUTIONS
BASP,BANK OF AMERICA SECURITIES EQUITY SWAP - SYNTHETIC PRICE SOURCE
CFHK,CROSSFINDER HONG KONG
CGMH,CITI MATCH - HK
CLHK,CLSA HONG KONG - DARK
CSHK,CREDIT SUISSE SECURITIES (HONG KONG) LIMITED
DBHK,DEUTSCHE BANK HONG KONG ATS
EOTC,E-OTC
GSAL,GOLDMAN SACHS (ASIA) LLC
GSPL,GS PRINCIPAL LIQUIDITY ASIA
GSXH,GSX HONG KONG
HSXA,HSBC-X HONG KONG
JPMI,JP MORGAN - JPMI MARKET
MAQH,MACQUARIE INTERNAL MARKETS (HONG KONG)
OSDS,OSL DIGITAL SECURITIES EXCHANGE
SHSC,STOCK EXCHANGE OF HONG KONG LIMITED - SHANGHAI - HONG KONG STOCK CONNECT
SIGH,SIGMA X HONG KONG
SZSC,STOCK EXCHANGE OF HONG KONG LIMITED - SHENZHEN - HONG KONG STOCK CONNECT
TFSD,T.F.S. DERIVATIVES HK LIMITED
TOCP,TORA CROSSPOINT
TRAS,TRADITION ASIA LIMITED
TWHK,TRADEWEB EUROPE LIMITED - HONG KONG
UBSX,UBS CROSS
XCGS,CHINESE GOLD & SILVER EXCHANGE SOCIETY
XGEM,HONG KONG GROWTH ENTERPRISES MARKET
XHKF,HONG KONG FUTURES EXCHANGE LTD.
XHKG,HONG KONG EXCHANGES AND CLEARING LTD
XIHK,INSTINET PACIFIC LTD
XPST,POSIT - ASIA PACIFIC
BETA,BETA MARKET
CIBH,CIB BANK - SYSTEMATIC INTERNALISER
CONC,CONCORDE SECURITIES LTD. - SYSTEMATIC INTERNALISER
EBHU,ERSTE BANK HUNGARY ZRT. - SYSTEMATIC INTERNALISER
ERST,ERSTE BEFEKTETESI ZRT - SYSTEMATIC INTERNALISER
HUDX,HUNGARIAN DERIVATIVE ENERGY EXCHANGE
HUPX,HUNGARIAN POWER EXCHANGE
KCCP,KELER CCP
KELR,KELER
KHHU,K AND H BANK ZRT - SYSTEMATIC INTERNALISER
OTPB,OTP BANK NYRT - SYSTEMATIC INTERNALISER
RBHU,RAIFFEISEN BANK (HUNGARY) - SYSTEMATIC INTERNALISER
UCHU,UNICREDIT BANK HUNGARY ZRT. - SYSTEMATIC INTERNALISER
XBND,BUDAPEST STOCK EXCHANGE - XBOND
XBUD,BUDAPEST STOCK EXCHANGE
XGAS,CENTRAL EASTERN EUROPEAN GAS EXCHANGE LTD
XTND,XTEND
DICE,NASDAQ ICELAND HF. - NORDIC@MID
DNIS,FIRST NORTH ICELAND - NORDIC@MID
FNIS,FIRST NORTH ICELAND
MICE,NASDAQ ICELAND HF. - AUCTION ON DEMAND
MNIS,FIRST NORTH ICELAND - AUCTION ON DEMAND
XICE,NASDAQ ICELAND HF.
ACEX,ACE DERIVATIVES & COMMODITY EXCHANGE LTD
ASTR,CLEARCORP DEALING SYSTEMS INDIA LIMITED - ASTROID
BSME,BSE SME
CDSL,CLEARCORP DEALING SYSTEMS (INDIA) LTD.
FXCL,CLEARCORP DEALING SYSTEMS INDIA LIMITED - FX-CLEAR
FXSW,CLEARCORP DEALING SYSTEMS INDIA LIMITED - FX-SWAP
ICXL,INDIAN COMMODITY EXCHANGE LTD.
IINX,INDIA INTERNATIONAL EXCHANGE (IFSC) LIMITED
INSE,NSE IFSC LIMITED
ISEX,INTER-CONNECTED STOCK EXCHANGE OF INDIA LTD
MCXX,METROPOLITAN STOCK EXCHANGE OF INDIA LIMITED
NBOT,NATIONAL BOARD OF TRADE LIMITED
NMCE,NATIONAL MULTI-COMMODITY EXCHANGE OF INDIA
OTCX,OTC EXCHANGE OF INDIA
PXIL,POWER EXCHANGE INDIA LTD.
RITS,REFINITIV - FORWARDS MATCHING
XBAN,BANGALORE STOCK EXCHANGE LTD
XBOM,BSE LTD
XCAL,CALCUTTA STOCK EXCHANGE
XDES,DELHI STOCK EXCHANGE
XIMC,MULTI COMMODITY EXCHANGE OF INDIA LTD.
XMDS,MADRAS STOCK EXCHANGE
XNCD,NATIONAL COMMODITY & DERIVATIVES EXCHANGE LTD
XNSE,NATIONAL STOCK EXCHANGE OF INDIA
XUSE,UNITED STOCK EXCHANGE
ICDX,INDONESIA COMMODITY AND DERIVATIVES EXCHANGE
XBBJ,JAKARTA FUTURES EXCHANGE (BURSA BERJANGKA JAKARTA)
XIDX,INDONESIA STOCK EXCHANGE
XJNB,JAKARTA NEGOTIATED BOARD
IFBX,IRAN FARA BOURSE
IMEX,IRAN MERCANTILE EXCHANGE
XTEH,TEHRAN STOCK EXCHANGE
XIQS,IRAQ STOCK EXCHANGE
AILT,ARRACO IRELAND LTD
AREX,AREX - AUTOMATED RECEIVABLES EXCHANGE
BBIE,BARCLAYS BANK IRELAND PLC
BBIS,BARCLAYS BANK IRELAND PLC - SYSTEMATIC INTERNALISER
BKDM,BNY MELLON MARKETS EUROPE LIMITED
BMLI,BANK OF AMERICA MERRILL LYNCH INTERNATIONAL BANK DESIGNATED ACTIVITY COMPANY
BMLS,BANK OF AMERICA MERRILL LYNCH INTERNATIONAL BANK DESIGNATED ACTIVITY COMPANY - SYSTEMATIC INTERNALISER
CEPL,CITIBANK EUROPE PLC - SYSTEMATIC INTERNALISER
CFIL,CANTOR FITZGERALD IRELAND LIMITED
CSGI,CITADEL SECURITIES FI - EUROPE - SYSTEMATIC INTERNALISER
DAVY,J AND E DAVY - IRISH GOVERNMENT BOND - SYSTEMATIC INTERNALISER
EDBT,EURONEXT DUBLIN - TRADED BONDS
EDGL,GLOBAL EXCHANGE MARKET - TRADED BONDS
EQIE,EQUILEND LIMITED
EQSE,EQUILEND LIMITED - SWAPS
EUCC,CITADEL CONNECT EUROPE - EU - SYSTEMATIC INTERNALISER
FXFM,FINANCIAL AND RISK TRANSACTIONS SERVICES IRELAND LIMITED - FORWARDS MATCHING
FXRQ,FINANCIAL AND RISK TRANSACTIONS SERVICES IRELAND LIMITED - FXALL RFQ MTF
FXRS,FINANCIAL AND RISK TRANSACTIONS SERVICES IRELAND LIMITED - FXALL RFS MTF
GBSI,GOODBODY STOCKBROKERS UC
HREU,HRTEU LIMITED - SYSTEMATIC INTERNALISER
IBSI,INTERACTIVE BROKERS - SYSTEMATIC INTERNALISER
ICUR,CURRENEX IRELAND MTF
ICXR,CURRENEX IRELAND MTF - RFQ
IFXA,FX CONNECT IRELAND MTF - ALLOCATIONS
IFXC,FX CONNECT IRELAND MTF
IFXR,FX CONNECT IRELAND MTF - RFQ
ITGL,POSIT MTF
LEUE,LIQUIDNET EU LIMITED EQUITY MTF
LEUF,LIQUIDNET EU LIMITED FIXED INCOME MTF
MCID,MACQUARIE CAPITAL (IRELAND)
MSEL,MAREX SPECTRON EUROPE LIMITED - OTF
RMTF,REFINITIV MTF
SEMX,SEMOPX
SIDX,SCOTIABANK (IRELAND) DESIGNATED ACTIVITY COMPANY - SYSTEMATIC INTERNALISER
SISI,SUSQUEHANNA INTERNATIONAL SECURITIES LIMITED - SYSTEMATIC INTERNALISER
TDGF,TD SECURITIES
VFIL,VIRTU FINANCIAL IRELAND LIMITED
VFSI,VIRTU FINANCIAL IRELAND LIMITED - SYSTEMATIC INTERNALISER
VFXO,VIRTU FINANCIAL IRELAND LIMITED - OTC
XATL,ATLANTIC SECURITIES MARKET
XCDE,BAXTER FINANCIAL SERVICES
XDUB,IRISH STOCK EXCHANGE - ALL MARKET
XEBI,ENERGY BROKING IRELAND GAS TRADING PLATFORM
XESM,EURONEXT GROWTH DUBLIN
XEYE,IRISH STOCK EXCHANGE  - GLOBAL EXCHANGE MARKET
XMSM,EURONEXT DUBLIN
XPAC,POSIT AUCTION
XPOS,POSIT DARK
XRFQ,POSIT RFQ
XTAE,TEL AVIV STOCK EXCHANGE
AKIS,AKIS - BANCA AKROS - SYSTEMATIC INTERNALISER
ATFX,ATFUND MTF
BEIS,BANCA ETICA - SYSTEMATIC INTERNALISER
BNLD,BANCA NAZIONALE DEL LAVORO SPA - SYSTEMATIC INTERNALISER
BREA,BANCA REALE - SYSTEMATIC INTERNALISER
CGCM,CASSA DI COMPENSAZIONE E GARANZIA SPA - COLLATERALIZED MONEY MARKET GUARANTEE SERVICE
CGDB,CASSA DI COMPENSAZIONE E GARANZIA SPA - BONDS CCP SERVICE
CGEB,CASSA DI COMPENSAZIONE E GARANZIA SPA - EURO BONDS CCP SERVICE
CGGD,CASSA DI COMPENSAZIONE E GARANZIA SPA - CCP AGRICULTURAL COMMODITY DERIVATIVES
CGIT,CASSA DI COMPENSAZIONE E GARANZIA SPA
CGND,CASSA DI COMPENSAZIONE E GARANZIA SPA - CCP ENERGY DERIVATIVES
CGQD,CASSA DI COMPENSAZIONE E GARANZIA SPA - CCP EQUITY DERIVATIVES
CGQT,CASSA DI COMPENSAZIONE E GARANZIA SPA - EQUITY CCP SERVICE
CGTR,CASSA DI COMPENSAZIONE E GARANZIA SPA - TRIPARTY REPO CCP SERVICE
CREM,CREDEM BANCA - SYSTEMATIC INTERNALISER
DDTX,DEAL DONE TRADING - SYSTEMATIC INTERNALISER
EBMX,EBM - MTF
EMDR,E-MID - E-MIDER MARKET
EMIB,E-MID - BANCA D'ITALIA SHARES TRADING MARKET
EMID,E-MID
EMIR,E-MID REPO
ETFP,"ELECTRONIC ETF, ETC/ETN AND OPEN-END FUNDS MARKET"
ETLX,EUROTLX
EXGM,EURONEXT GROWTH MILAN
FBSI,FINECO BANK - SYSTEMATIC INTERNALISER
HCER,HI-CERT - MULTILATERAL TRADING FACILITY
HMOD,HI-MTF ORDER DRIVEN
HMTF,HI-MTF
HRFQ,HI-MTF RFQ
IBEQ,INVEST BANCA - IBIS EQUITY - SYSTEMATIC INTERNALISER
IBIS,INVEST BANCA - SYSTEMATIC INTERNALISER
IMMH,IMMH - INTESA SANPAOLO - SYSTEMATIC INTERNALISER
ISBV,BIVER BANCA - SYSTEMATIC INTERNALISER
MCAD,MTS CASH DOMESTIC - MTF
MIVX,MARKET FOR INVESTMENT VEHICLES
MOTX,ELECTRONIC BOND MARKET
MSWP,MTS INTERDEALER SWAPS MARKET
MTAA,ELECTRONIC SHARE MARKET
MTAH,BORSA ITALIANA EQUITY MTF
MTSC,MTS ITALIA
MTSO,MTS S.P.A.
MUBM,"MUFG BANK, LTD. - MILANO BRANCH - SYSTEMATIC INTERNALISER"
SEDX,SECURITISED DERIVATIVES MARKET
SSOB,BONDVISION EUROPE MTF
UBIS,UNIPOL BANCA S.P.A.
UCIT,UNICREDIT SPA - SYSTEMATIC INTERNALISER
XDMI,ITALIAN DERIVATIVES MARKET
XGME,GESTORE MERCATO ELETTRICO - ITALIAN POWER EXCHANGE
XMIL,BORSA ITALIANA S.P.A.
XMOT,EXTRAMOT
XBRV,BOURSE REGIONALE DES VALEURS MOBILIERES
XJAM,JAMAICA STOCK EXCHANGE
BAJD,BANK OF AMERICA MERRILL LYNCH - JAPAN INSTINCT X
BASX,BANK OF AMERICA MERRILL LYNCH - SIMPLEX BLAST X
BETP,BLOOMBERG TRADEBOOK JAPAN LIMITED
BNPX,BNP PARIBAS ALTERNATIVE TRADING SYSTEM
CFJP,CROSSFINDER JAPAN
CHIJ,CHI-X JAPAN
CHIS,CHI-X JAPAN SELECT
CHIV,CHI-X JAPAN VWAP CROSSING
CITD,CITI DARK
CITX,CITI MATCH - JP
CLJP,CLSA JAPAN - DARK
CMET,"CLEAR MARKETS JAPAN, INC."
CSJP,CREDIT SUISSE EQUITIES (JAPAN) LIMITED
DRCT,DAIWA DRECT
ICHK,NOMURA ICE  - HK
ICKR,NOMURA ICE  - KR
ICSH,NOMURA ICE  - SH
ICSZ,NOMURA ICE  - SZ
ICTW,NOMURA ICE  - TW
KAIX,KAI-X
LXJP,BARCLAYS LX JAPAN
MAQJ,MACQUARIE INTERNAL MARKETS (JAPAN)
MIZX,MIZUHO INTERNAL CROSSING
MSMS,"MORGAN STANLEY MUFG SECURITIES CO., LTD"
MUDX,MITSUBISHI DIAMOND CROSSING
NMRJ,NOMURA SECURITIES CO LTD
NMSX,NOMURA - EXTERNAL CROSSING PLATFORM
NXJP,NX JAPAN
NXSE,NX SELECT JAPAN
NXVW,NX VWAP
ODXE,ODX - OSAKA DIGITAL EXCHANGE
SBIJ,JAPANNEXT - J - MARKET
SBIU,JAPANNEXT - U - MARKET
SBIV,JAPANNEXT - VWAP CROSSING
SIGJ,SIGMA X JAPAN
SMBC,SMBC NIKKO SNET DARKPOOL - SYSTEMATIC INTERNALISER
TWJP,TRADEWEB JAPAN KK - PTS
TWJT,TRADEWEB JAPAN KK - ETP
UTSL,UEDA TRADITION SECURITIES LTD.
XFKA,FUKUOKA STOCK EXCHANGE
XJPX,JAPAN EXCHANGE GROUP
XKAC,OSAKA DOJIMA COMMODITY EXCHANGE
XNGO,NAGOYA STOCK EXCHANGE
XNKS,CENTRAL JAPAN COMMODITIES EXCHANGE
XOSE,OSAKA EXCHANGE
XOSJ,OSAKA EXCHANGE J-NET
XSAP,SAPPORO SECURITIES EXCHANGE
XSBI,JAPANNEXT - X - MARKET
XTAM,TOKYO STOCK EXCHANGE-TOKYO PRO MARKET
XTFF,TOKYO FINANCIAL  EXCHANGE
XTK1,TOKYO STOCK EXCHANGE - TOSTNET-1
XTK2,TOKYO STOCK EXCHANGE - TOSTNET-2
XTK3,TOKYO STOCK EXCHANGE - TOSTNET-3
XTKS,TOKYO STOCK EXCHANGE
XTKT,TOKYO COMMODITY EXCHANGE
AMNL,AMMAN STOCK EXCHANGE - NON-LISTED SECURITIES MARKET
XAMM,AMMAN STOCK EXCHANGE
AIXK,ASTANA INTERNATIONAL EXCHANGE LTD
CCEX,CASPY COMMODITY EXCHANGE
ETSC,ETS EURASIAN TRADING SYSTEM COMMODITY EXCHANGE
XKAZ,KAZAKHSTAN STOCK EXCHANGE
XNAI,NAIROBI STOCK EXCHANGE
GSXK,GSX KOREA
XKCM,KOREA EXCHANGE COMMODITY MARKET
XKEM,KOREA EXCHANGE EMISSIONS MARKET
XKFB,KOREA FREEBOARD MARKET
XKFE,KOREA EXCHANGE (FUTURES MARKET)
XKON,KOREA NEW EXCHANGE
XKOS,KOREA EXCHANGE (KOSDAQ)
XKRX,KOREA EXCHANGE (STOCK MARKET)
XKUW,KUWAIT STOCK EXCHANGE
XKSE,KYRGYZ STOCK EXCHANGE
XLAO,LAO SECURITIES EXCHANGE
FNLV,FIRST NORTH LATVIA
SWLV,SWEDBANK LATVIA - SYSTEMATIC INTERNALISER
XRIS,NASDAQ RIGA AS
XBEY,BOURSE DE BEYROUTH - BEIRUT STOCK EXCHANGE
XLSM,LIBYAN STOCK MARKET
ARTX,ARTEX EUROPE
XLGT,LGT BANK AG - SYSTEMATIC INTERNALISER
XLLB,LIECHTENSTEINISCHE LANDESBANK AG - SYSTEMATIC INTERNALISER
XNOM,NOMISMA (LIECHTENSTEIN) AG
XVPB,VP BANK AG - SYSTEMATIC INTERNALISER
BAPX,BALTPOOL
FNLT,FIRST NORTH LITHUANIA
GETB,LITHUANIAN NATURAL GAS EXCHANGE
SEBL,SEB LITHUANIA - SYSTEMATIC INTERNALISER
SWLT,SWEDBANK LITHUANIA - SYSTEMATIC INTERNALISER
XLIT,AB NASDAQ VILNIUS
BCEE,"BANQUE ET CAISSE D'EPARGNE DE L'ETAT, LUXEMBOURG - BCEE - SYSTEMATIC INTERNALISER"
BGLU,BGL BNP PARIBAS  - SYSTEMATIC INTERNALISER
BILU,BANQUE INTERNATIONALE A LUXEMBOURG S.A. - SYSTEMATIC INTERNALISER
BLUX,BANQUE DE LUXEMBOURG - SYSTEMATIC INTERNALISER
CCLX,FINESTI S.A.
DBLX,DEUTSCHE BANK LUXEMBOURG S.A.
DHLX,DEUTSCHE HOLDINGS (LUXEMBOURG) S.A R.L.
EMTF,EURO MTF
KBLC,KBL EURO COMMERCIAL PAPERS
KBLL,KBL EUROPEAN PRIVATE BANKERS S.A.
KBLS,KBL STRUCTURED PRODUCTS
KBLT,KBL FX TREASURY DERIVATIVES
RBCB,RBC INVESTOR SERVICES BANK S.A.
RBSI,RBC INVESTOR SERVICES BANK S.A. - SYSTEMATIC INTERNALISER
XLUX,LUXEMBOURG STOCK EXCHANGE
XVES,VESTIMA
XMAE,MACEDONIAN STOCK EXCHANGE
XMDG,MARCHE INTERBANCAIRE DES DEVISES M.I.D.
XMSW,MALAWI STOCK EXCHANGE
MESQ,ACE MARKET
XKLS,BURSA MALAYSIA
XLFX,LABUAN INTERNATIONAL FINANCIAL EXCHANGE
XRBM,RINGGIT BOND MARKET
MALX,MALDIVES STOCK EXCHANGE
COMG,COMMERG LTD.
IFSM,INSTITUTIONAL FINANCIAL SECURITIES MARKET
PROS,PROSPECTS
XMAL,MALTA STOCK EXCHANGE
AFEX,AFRINEX LIMITED
GBOT,BOURSE AFRICA LIMITED
XAFX,AFRICAN STOCK EXCHANGE
XMAU,STOCK EXCHANGE OF MAURITIUS LTD
BIVA,BOLSA INSTITUCIONAL DE VALORES
CGMX,CITI MEXICO RPI (RETAIL PRICE IMPROVEMENT)
XEMD,MERCADO MEXICANO DE DERIVADOS
XMEX,BOLSA MEXICANA DE VALORES (MEXICAN STOCK EXCHANGE)
XMOL,MOLDOVA STOCK EXCHANGE
XULA,MONGOLIAN STOCK EXCHANGE
XMNX,MONTENEGRO STOCK EXCHANGE
XCAS,CASABLANCA STOCK EXCHANGE
XBVM,MOZAMBIQUE STOCK  EXCHANGE
XNAM,NAMIBIAN STOCK EXCHANGE
XNEP,NEPAL STOCK EXCHANGE
XNZE,NEW ZEALAND EXCHANGE LTD
XMAN,BOLSA DE VALORES DE NICARAGUA
NASX,NASD OTC MARKET
XNSA,THE NIGERIAN STOCK EXCHANGE
CNSI,CARNEGIE AS - SYSTEMATIC INTERNALISER
ELEU,NASDAQ OSLO ASA - EUROPEAN POWER AND GAS DERIVATIVES
ELNO,NASDAQ OSLO ASA - NORDIC POWER DERIVATIVES AND EUROPEAN UNION ALLOWANCES
ELSE,NASDAQ OSLO ASA - SWEDISH ELECTRICITY CERTIFICATE
ELUK,NASDAQ COMMODITIES - GBP POWER/ENERGY
FISH,FISH POOL ASA
FREI,NASDAQ COMMODITIES - FREIGHT COMMODITY
FSHX,FISHEX
MERD,MERKUR MARKET - DARK POOL
MERK,EURONEXT GROWTH - OSLO
NEXO,NOREXECO ASA
NIBR,NORWEGIAN INTER BANK OFFERED RATE
NOPS,NORD POOL SPOT AS
NORX,NASDAQ OSLO ASA
NOSC,NOS CLEARING ASA
NOTC,NORWEGIAN OVER THE COUNTER MARKET
OAPA,OSLO BORS - APA
OSLC,SIX X-CLEAR AG
SB1M,SPAREBANK 1 MARKETS - SYSTEMATIC INTERNALISER
SPTR,SPAREBANK 1 SMN - SYSTEMATIC INTERNALISER
XABG,ABG SUNDAL COLLIER ASA - SYSTEMATIC INTERNALISER
XDNB,DNB BANK ASA - SYSTEMATIC INTERNALISER
XIMA,INTERNATIONAL MARTIME EXCHANGE
XOAA,OSLO BORS ASA - OSLO AXESS LIT X AUCTIONS
XOAD,OSLO AXESS NORTH SEA - DARK POOL
XOAM,NORDIC ALTERNATIVE BOND MARKET
XOAS,EURONEXT EXPAND OSLO
XOBD,OSLO BORS - DERIVATIVES MARKET
XOSA,OSLO BORS - LIT X AUCTIONS
XOSC,OSLO CONNECT
XOSD,OSLO BORS NORTH SEA - DARK POOL
XOSL,OSLO BORS
XMUS,MUSCAT SECURITIES MARKET
NCEL,PAKISTAN MERCANTILE EXCHANGE
XKAR,THE PAKISTAN STOCK EXCHANGE LIMITED
XPAE,PALESTINE SECURITIES EXCHANGE
XPTY,"BOLSA DE VALORES DE PANAMA, S.A."
XPOM,PNGX MARKETS LIMITED
XVPA,BOLSA DE VALORES Y PRODUCTOS DE ASUNCION SA
XLIM,BOLSA DE VALORES DE LIMA
CLPH,CLSA PHILIPPINES - DARK
PDEX,PHILIPPINE DEALING AND EXCHANGE CORP
XPHS,"PHILIPPINE STOCK EXCHANGE, INC."
BHWA,BANK HANDLOWY W WARSZAWIE S.A. - SYSTEMATIC INTERNALISER
BNPP,BANK BGZ BNP PARIBAS S.A. - SYSTEMATIC INTERNALISER
BOSP,WARSAW STOCK EXCHANGE/BONDS/CATALYST/BONDSPOT/MTF
BPKO,PKO BANK POLSKI S.A. - SYSTEMATIC INTERNALISER
CAPL,CREDIT AGRICOLE BANK POLSKA S.A. - SYSTEMATIC INTERNALISER
HBPL,HSBC BANK POLSKA S.A. - SYSTEMATIC INTERNALISER
INGW,ING BANK SLASKI SA - SYSTEMATIC INTERNALISER
MBPL,MBANK S.A. - SYSTEMATIC INTERNALISER
MSDM,MICHAEL/STROM DOM MAKLERSKI SPOLKA AKCYJNA - SYSTEMATIC INTERNALISER
PARK,PARKER POLAND SP. ZO.O.
PKOP,BANK POLSKA KASA OPIEKI S.A. - SYSTEMATIC INTERNALISER
PLPD,WARSAW STOCK EXCHANGE/POLISH POWER EXCHANGE/REGULATED MARKET
PLPO,WARSAW STOCK EXCHANGE/COMMODITIES/POLISH POWER - EXCHANGE/ORGANIZED TRADING FACILITIES
PLPS,WARSAW STOCK EXCHANGE/COMMODITIES/POLISH POWER EXCHANGE/SPOT
PTPG,POLISH TRADING POINT
RPWC,WARSAW STOCK EXCHANGE/BONDS/CATALYST/BONDSPOT/REGULATED MARKET
SIAB,ALIOR BANK - SYSTEMATIC INTERNALISER
TBSA,WARSAW STOCK EXCHANGE/BONDS/TREASURY BOND/BONDSPOT/B2C MARKET/MTF
TBSP,WARSAW STOCK EXCHANGE/BONDS/BONDSPOT/TREASURY BOND MARKET
WBCL,WARSAW STOCK EXCHANGE/BONDS/CATALYST/LISTING
WBKP,BANK ZACHODNI WBK S.A. - SYSTEMATIC INTERNALISER
WBON,WARSAW STOCK EXCHANGE/ BONDS/CATALYST/MAIN MARKET
WDER,WARSAW STOCK EXCHANGE/FINANCIAL DERIVATIVES
WETP,WARSAW STOCK EXCHANGE/ ETPS
WIND,WARSAW STOCK EXCHANGE/INDICES
WIPO,WARSAW STOCK EXCHANGE - OTHER THAN XOFF OR XXXX
WMTF,WARSAW STOCK EXCHANGE/BONDS/CATALYST/MTF
XGLO,WARSAW STOCK EXCHANGE/ EQUITIES/GLOBAL CONNECT - MTF
XNCO,WARSAW STOCK EXCHANGE/ EQUITIES/NEW CONNECT - MTF
XWAR,WARSAW STOCK EXCHANGE/EQUITIES/MAIN MARKET
ALXL,EURONEXT GROWTH LISBON
BFPT,BANCO FINANTIA S.A. - SYSTEMATIC INTERNALISER
ENXL,EURONEXT ACCESS LISBON
MBCP,MILLENNIUM BCP-SYSTEMATIC INTERNALISER
MFOX,EURONEXT - MERCADO DE FUTUROS E OPÇÕES
OMIC,THE IBERIAN ENERGY CLEARING HOUSE
OMIP,"OMIP - POLO PORTUGUES, S.G.M.R., S.A. / OMIP DERIVATIVES MARKET"
OPEX,PEX-PRIVATE EXCHANGE
WQXL,EURONEXT - MARKET WITHOUT QUOTATIONS LISBON
XLIS,EURONEXT - EURONEXT LISBON
DSMD,QATAR EXCHANGE
TRPX,MERJ EXCHANGE LIMITED
BRDE,BRD - GROUPE SOCIETE GENERALE S.A.
BRDL,BRD - GROUPE SOCIETE GENERALE S.A. - LIQUIDITY PROVIDER
BRDS,BRD - GROUPE SOCIETE GENERALE S.A. - SYSTEMATIC INTERNALISER
BTRL,BANCA TRANSILVANIA S.A.
EMCE,ROMANIAN  COMMODITIES EXCHANGE - OTF
OTPR,OTP BANK ROMANIA SA
XBRM,ROMANIAN  COMMODITIES EXCHANGE
XBSD,DERIVATIVES REGULATED MARKET - BVB
XBSE,SPOT REGULATED MARKET - BVB
XCAN,CAN - ATS
XRAS,RASDAQ
XRPM,ROMANIAN POWER MARKET
MISX,MOSCOW EXCHANGE - ALL MARKETS
NAMX,NATIONAL MERCANTILE EXCHANGE
RPDX,MOSCOW ENERGY EXCHANGE
RTSX,MOSCOW EXCHANGE - DERIVATIVES MARKET
RUSX,NON-PROFIT PARTNERSHIP FOR THE DEVELOPMENT OF FINANCIAL MARKET RTS
SPBE,SPB EXCHANGE - ALL MARKETS
SPIM,ST. PETERSBURG INTERNATIONAL MERCANTILE EXCHANGE
XMOS,CENTRAL COUNTERPARTY CLEARING CENTER MFB - JOINT-STOCK COMPANY
XPET,STOCK EXCHANGE SAINT PETERSBURG
XPIC,SAINT-PETERSBURG CURRENCY EXCHANGE
XRUS,INTERNET DIRECT-ACCESS EXCHANGE
XSAM,SAMARA CURRENCY INTERBANK EXCHANGE
XSIB,SIBERIAN EXCHANGE
ROTC,RWANDA OTC MARKET
RSEX,RWANDA STOCK EXCHANGE
XECS,EASTERN CARIBBEAN SECURITIES EXCHANGE
SVXI,SAINT VINCENT AND THE GRENADINES SECURITIES EXCHANGE
XSAU,SAUDI STOCK EXCHANGE
XBEL,BELGRADE STOCK EXCHANGE
SECC,SECDEX CLEARING LIMITED
SECD,SECDEX DEPOSITORY LIMITED
SECE,SECDEX EXCHANGE LIMITED
SEDC,SECDEX DIGITAL CUSTODIAN LIMITED
APCL,ASIA PACIFIC CLEAR
APEX,ASIA PACIFIC EXCHANGE
BBLX,BONDBLOX EXCHANGE
BTBS,BLOOMBERG TRADEBOOK SINGAPORE PTE LTD
CLTD,CLEARTRADE EXCHANGE
CNOD,CNODE
ECAL,EUREX CLEARING ASIA PTE. LTD.
EEAL,EUREX EXCHANGE ASIA PTE. LTD.
ENMS,EURONEXT MARKETS SINGAPORE PTE. LTD.
EQOC,EQUOS SPOT
EQOD,EQUOS DERIVATIVES
EQOS,EQUOS
FXSM,REFINITIV MATCHING NDFS SINGAPORE
IFSG,ICE FUTURES SINGAPORE
JADX,JOINT ASIAN DERIVATIVES EXCHANGE
MALM,MARKETAXESS SINGAPORE PTE LIMITED - LIVE MARKETS
MASG,MARKETAXESS SINGAPORE PTE LIMITED
OSSG,OSL SG EXCHANGES
RTSP,REFINITIV TRANSACTION SERVICES PTE. LTD
SMEX,SINGAPORE MERCANTILE EXCHANGE PTE LTD
SYFX,SYNOPTION
TERM,TP ICAP FX HUB
TFSA,TFS GREEN AUSTRALIAN GREEN MARKETS
TSIG,TRADITION SINGAPORE PTE. LTD.
TWSG,TRADEWEB EUROPE LIMITED - SINGAPORE
XABX,ABAXX EXCHANGE
XSBT,SINGAPORE EXCHANGE BOND TRADING PTE. LTD
XSCA,SINGAPORE CATALIST MARKET
XSCE,SINGAPORE COMMODITY EXCHANGE
XSES,SINGAPORE EXCHANGE
XSIM,SINGAPORE EXCHANGE DERIVATIVES CLEARING LIMITED
CBSK,"CESKOSLOVENSKA OBCHODNA BANKA, A.S. - SYSTEMATIC INTERNALISER"
EBRA,BRATISLAVA STOCK EXCHANGE - MTF
SPXE,SPX
XBRA,BRATISLAVA STOCK EXCHANGE
SKBB,SKB BANKA D.D. LJUBLJANA
XLJM,SI ENTER
XLJU,LJUBLJANA STOCK EXCHANGE (OFFICIAL MARKET)
XSOP,BSP REGIONAL ENERGY EXCHANGE - SOUTH POOL
4AXE,4 AFRICA EXCHANGE (PTY) LTD
A2XX,A2X
ALTX,JSE ALTERNATE EXCHANGE
JSEB,JSE BOND ELECTRONIC TRADING PLATFORM
JSER,JSE REPO MARKET
RMMS,RMB MORGAN STANLEY
RMMX,RMB MORGAN STANLEY - INVENTORY MANAGER
XBES,JSE CASH BOND MARKET
XJSE,JOHANNESBURG STOCK EXCHANGE
XSAF,JSE EQUITY DERIVATIVES MARKET
XSFA,JSE COMMODITY DERIVATIVES MARKET
YLDX,JSE INTEREST RATE DERIVATIVES MARKET
ZARX,ZAR X
ZFXM,JSE CURRENCY DERIVATIVES MARKET
ABAN,ABANCA
AGBP,A AND G BANCA PRIVADA SAU
ALLT,ALLT - OTF
BBVA,BANCO BILBAO VIZCAYA ARGENTARIA S.A - SYSTEMATIC INTERNALISER
BCMA,BANCA MARCH S.A. - SYSTEMATIC INTERNALISER
BMCL,BME CLEARING S.A.
BMEA,BME - APA
BMEX,BME - BOLSAS Y MERCADOS ESPANOLES
BSAB,"BANCO DE SABADELL, S.A. -  SYSTEMATIC INTERNALISER"
CABK,CAIXABANK - SYSTEMATIC INTERNALISER
CAPI,CAPI - OTF
CECA,CECABANK - SYSTEMATIC INTERNALISER
CIMA,CIMD S.V. S.A. - APPROVED PUBLICATION ARRANGEMENT
CIMB,CIMD S.V. S.A. - OTF FOR BONDS
CIMD,CIMD S.V. S.A. - OTF
CIME,CIMD S.V. S.A. - OTF FOR ENERGY DERIVATIVES
CIMV,CIMD S.V. S.A. - OTF FOR DERIVATIVES
CMAP,CAPI - APPROVED PUBLICATION ARRANGEMENT
CSMD,"CREDIT SUISSE BANK (EUROPE), S.A."
DOWE,DOWGATE EURO GOVERNMENT BONDS
DOWM,DOWGATE - MTF (MADRID)
GROW,BME GROWTH MARKET
IBER,IBERCAJA BANCO SA
IBGH,IBERIAN GAS HUB
MABX,BME MTF EQUITY (IIC AND ECR SEGMENTS)
MARF,MERCADO ALTERNATIVO DE RENTA FIJA
MDRV,MIBGAS - DERIVATIVES
MERF,MERCADO ELECTRONICO DE RENTA FIJA
MIBG,MERCADO ORGANIZADO DEL GAS
OMEL,OMI POLO ESPANOL S.A. (OMIE)
PAVE,ALTERNATIVE PLATFORM FOR SPANISH SECURITIES
POSE,PORTFOLIO STOCK EXCHANGE
SANT,BANCO SANTANDER S.A. - SYSTEMATIC INTERNALISER
SBAR,BOLSA DE BARCELONA RENTA FIJA
SBIL,BOLSA DE BILBAO RENTA FIJA
SEND,SEND - SISTEMA ELECTRONICO DE NEGOCIACION DE DEUDA
SIMD,"CREDIT SUISSE BANK (EUROPE), S.A. - SYSTEMATIC INTERNALISER"
TEUR,TRADITION ESPANA OTF
XBAR,BOLSA DE BARCELONA
XBIL,BOLSA DE VALORES DE BILBAO
XDPA,CADE - MERCADO DE DEUDA PUBLICA ANOTADA
XDRF,AIAF - MERCADO DE RENTA FIJA
XLAT,LATIBEX
XMAD,BOLSA DE MADRID
XMFX,MEFF FX FINANCIAL DERIVATIVES
XMPW,MEFF POWER DERIVATIVES
XMRV,MEFF FINANCIAL DERIVATIVES
XNAF,SISTEMA ESPANOL DE NEGOCIACION DE ACTIVOS FINANCIEROS
XVAL,BOLSA DE VALENCIA
XCOL,COLOMBO STOCK EXCHANGE
XKHA,KHARTOUM STOCK EXCHANGE
XSWA,SWAZILAND STOCK EXCHANGE
CASI,CARNEGIE INVESTMENT BANK AB - SYSTEMATIC INTERNALISER
CRYD,CRYEX - FX AND DIGITAL CURRENCIES
CRYX,CRYEX
CSTO,NASDAQ CLEARING AB
DKED,NASDAQ STOCKHOLM AB - DANISH EQ DERIVATIVES
DKFI,NASDAQ STOCKHOLM AB - DANISH FI DERIVATIVES
DKOB,NASDAQ STOCKHOLM AB - OTC DKK WB EQ DERIVATIVES
DKWB,NASDAQ STOCKHOLM AB - DKK WB EQ DERIVATIVES
DNSE,FIRST NORTH SWEDEN - NORDIC@MID
DOSE,FIRST NORTH SWEDEN - NORWAY NORDIC@MID
DSTO,NASDAQ STOCKHOLM AB - NORDIC@MID
EBON,NASDAQ STOCKHOLM AB - EUR FI DERIVATIVES
ESTO,NASDAQ STOCKHOLM AB - NORWAY ETF
EUOB,NASDAQ STOCKHOLM AB - OTC EUR WB EQ DERIVATIVES
EUWB,NASDAQ STOCKHOLM AB - EUR WB EQ DERIVATIVES
FIED,NASDAQ STOCKHOLM AB - FINNISH EQ DERIVATIVES
FNSE,FIRST NORTH SWEDEN
GBOB,NASDAQ STOCKHOLM AB - OTC GBP WB EQ DERIVATIVES
GBWB,NASDAQ STOCKHOLM AB - GBP WB EQ DERIVATIVES
GFKS,GARANTUM FONDKOMMISSION AB - SYSTEMATIC INTERNALISER
MNSE,FIRST NORTH SWEDEN - AUCTION ON DEMAND
MOSE,FIRST NORTH SWEDEN - NORWAY AUCTION ON DEMAND
MSTO,NASDAQ STOCKHOLM AB - AUCTION ON DEMAND
NAPA,NASDAQ STOCKHOLM AB - APA SERVICE
NMTF,NORDIC MTF
NOED,NASDAQ STOCKHOLM AB - NORWEGIAN EQ DERIVATIVES
NOFI,NASDAQ STOCKHOLM AB - NORWEGIAN FI DERIVATIVES
NOOB,NASDAQ STOCKHOLM AB - OTC NOK WB EQ DERIVATIVES
NOWB,NASDAQ STOCKHOLM AB - NOK WB EQ DERIVATIVES
NSME,NORDIC SME
NSPO,NASDAQ SPOT AB
ONSE,FIRST NORTH SWEDEN - NORWAY
PEPH,PEPINS - MTF - HALF-YEAR
PEPM,PEPINS - MTF - MONTH
PEPQ,PEPINS - MTF - QUARTER
PEPW,PEPINS - MTF
PEPY,PEPINS - MTF - YEAR
PNED,NASDAQ STOCKHOLM AB - PAN-NORDIC EQ DERIVATIVES
SEBS,SEB - SYSTEMATIC INTERNALISER
SEED,NASDAQ STOCKHOLM AB - SWEDISH EQ DERIVATIVES
SEOB,NASDAQ STOCKHOLM AB - OTC SEK WB EQ DERIVATIVES
SEWB,NASDAQ STOCKHOLM AB - SEK WB EQ DERIVATIVES
SSME,FIRST NORTH SWEDEN - SME GROWTH MARKET
SVES,SVENSKA HANDELSBANKEN AB - SYSTEMATIC INTERNALISER
SVEX,SVENSKA HANDELSBANKEN AB - SVEX
SWBI,SWEDBANK - SYSTEMATIC INTERNALISER
USOB,NASDAQ STOCKHOLM AB - OTC USD WB EQ DERIVATIVES
USWB,NASDAQ STOCKHOLM AB - USD WB EQ DERIVATIVES
XABC,ABG SUNDAL COLLIER AB - SYSTEMATIC INTERNALISER
XNGM,NORDIC GROWTH MARKET
XOPV,OTC PUBLICATION VENUE
XSAT,SPOTLIGHT STOCK MARKET AB
XSTO,NASDAQ STOCKHOLM AB
CBOE,CBOE FX NDFS
CCMS,CONTINENTAL CAPITAL MARKETS S.A.
CSAG,CREDIT SUISSE AG
CSOT,CREDIT SUISSE AG - OHS
CSZH,CREDIT SUISSE (CH)
DOTS,SWISS DOTS BY CATS
EBSC,"EBS MARKET- CLOB - FOR THE TRADING OF SPOT FX, PRECIOUS METALS AND OTHER FX PRODUCTS"
EBSS,EBS SERVICE COMPANY LIMITED - ALL MARKETS
KMUX,ZURCHER KANTONALBANK - EKMU-X
OTXB,BERNER KANTONALBANK OTC-X
ROSR,SIX REPO AG
S3FM,SOCIETY3 FUNDERSMART
STOX,STOXX LIMITED
UBSC,UBS PIN-FX
UBSF,UBS FX
UBSG,UBS TRADING
VLEX,VONTOBEL LIQUIDITY EXTENDER
XBRN,BX SWISS AG
XBTR,SIX SWISS BILATERAL TRADING PLATFORM FOR STRUCTURED OTC PRODUCTS
XDLP,SIX SWISS EXCHANGE - DEAL POOL - BOOK BUILDING AND ANNOUNCEMENT PLATFORM
XQMH,SIX SWISS EXCHANGE - STRUCTURED PRODUCTS
XQOD,SIX SWISS EXCHANGE - ETF QOD
XREP,SIX REPO AG - CH REPO MARKET
XROT,SIX REPO AG - OTC SPOT MARKET
XSCU,STOXX LIMITED - CUSTOMIZED INDICES
XSDX,SIX DIGITAL EXCHANGE
XSEB,SIX SWISS EXCHANGE - EBBO BOOK
XSTV,STOXX LIMITED - VOLATILITY INDICES
XSTX,STOXX LIMITED - INDICES
XSWM,SIX SWISS EXCHANGE - SIX SWISS EXCHANGE AT MIDPOINT
XSWX,SIX SWISS EXCHANGE
ZKBX,ZURCHER KANTONALBANK SECURITIES EXCHANGE
XDSE,DAMASCUS SECURITIES EXCHANGE
CFTW,CROSSFINDER TAIWAN
GSXT,GSX TAIWAN
ROCO,TAIPEI EXCHANGE
XTAF,TAIWAN FUTURES EXCHANGE
XTAI,TAIWAN STOCK EXCHANGE
XDAR,DAR ES  SALAAM STOCK EXCHANGE
AFET,AGRICULTURAL FUTURES EXCHANGE OF THAILAND
BEEX,BOND ELECTRONIC EXCHANGE
TFEX,THAILAND FUTURES EXCHANGE
XBKF,STOCK EXCHANGE OF THAILAND - FOREIGN BOARD
XBKK,STOCK EXCHANGE OF THAILAND
XMAI,MARKET FOR ALTERNATIVE INVESTMENT
ABNA,ABN AMRO BANK NV - SYSTEMATIC INTERNALISER
ABNC,ABN AMRO CLEARING BANK - SYSTEMATIC INTERNALISER
AFSA,AFS - OTF
AFSE,AFS E-VENUES B.V.
AFSI,AFS - OTF - INTEREST RATE DERIVATIVES
AFSL,AFS - OTF - STRUCTURED PRODUCTS
AFSO,AFS - OTF - BONDS
AFSX,AFS - OTF - FX FORWARDS
BAPE,BLOOMBERG DATA REPORTING SERVICES B.V. - APA
BARU,CBOE EUROPE - REGULATED MARKET DARK BOOK (NL)
BEUO,CBOE EUROPE - REGULATED MARKET OFF BOOK (NL)
BEUP,CBOE EUROPE - DXE PERIODIC (NL)
BEUT,CBOE EUROPE - REGULATED MARKET INTEGRATED BOOK (NL)
BTAM,CME AMSTERDAM B.V.
BTFE,BLOOMBERG TRADING FACILITY B.V.
BTQE,CME AMSTERDAM B.V. - RFQ TRADING PROTOCOL
CABV,CME AMSTERDAM B.V. - APA
CAPA,CBOE EUROPE - APA (NL)
CAVD,CAVENDISH MARKETS B.V.
CCRM,CBOE EUROPE REGULATED MARKETS (NL)
CCXE,CBOE EUROPE EQUITIES - EUROPEAN EQUITIES (NL)
CEDX,CBOE EUROPE DERIVATIVES
CEUD,CBOE EUROPE - DXE DARK ORDER BOOK (NL)
CEUO,CBOE EUROPE - DXE OFF-BOOK (NL)
CEUX,CBOE EUROPE - DXE ORDER BOOKS (NL)
CLMX,CLIMEX
COMM,COMMERG
CPTX,CAPTIN
EBSF,EBS MTF - FX PRODUCTS - RFQ SEGMENT
EBSN,EBS MTF
ECEU,TRADECHO EU APA
ETPA,ENERGY TRADING PLATFORM AMSTERDAM
FLTB,FLOW TRADERS B.V. - SYSTEMATIC INTERNALISER BONDS
FLTR,FLOW TRADERS - SYSTEMATIC INTERNALISER
FLWX,FLOW TRADERS
GMGE,GMG EUROPE B.V.
HCHC,ICE CLEAR NETHERLANDS B.V.
IEBS,EBS MTF - RFQ - FX PRODUCTS FOR ASSET MANAGERS
IMCO,ICE ENDEX OTF FUTURES
IMCT,IMC - SYSTEMATIC INTERNALISER
IMEQ,ICE MARKETS EQUITY
INGB,ING BANK NV - SYSTEMATIC INTERNALISER
INGE,ING BANK NV - SPRINTERS AND EQUITY - SYSTEMATIC INTERNALISER
INGF,ING BANK NV - FOREIGN EXCHANGE - SYSTEMATIC INTERNALISER
ISWN,ISWAP EURO MTF - TRADE REGISTRATION
ISWO,ISWAP EURO MTF - ORDERBOOK
ISWP,ISWAP EURO MTF
ISWT,ISWAP EURO MTF - TARGETED STREAMING / RFQ
JLEU,JUMP LIQUIDITY EU EQUITY PLATFORM
JNSI,JANE STREET NETHERLANDS B.V. - SYSTEMATIC INTERNALISER
LEBV,LEDGEREDGE B.V.
LISZ,CBOE EUROPE - LIS SERVICE (NL)
MANL,MARKETAXESS NL B.V.
MHBE,MIZUHO BANK EUROPE N.V. - SYSTEMATIC INTERNALISER
MUBE,MUFG BANK (EUROPE) N.V. - SYSTEMATIC INTERNALISER
MUSN,MUFG SECURITIES (EUROPE) N.V -
MXNL,MARKETAXESS NL B.V. - LIVE MARKETS
NDEX,ICE ENDEX FUTURES
NDXS,ICE ENDEX EUROPEAN GAS SPOT
NIBC,NIBC - SYSTEMIC INTERNALISER
NLPX,APX POWER NL
NPEX,NPEX
NWNV,NATWEST MARKETS NV
OHVO,OHV OTF
RABO,RABOBANK - SYSTEMATIC INTERNALISER
RESF,EBS MTF - RESET SEGMENT
RR4G,ROUTE4GAS
STXS,STX FIXED INCOME
TNLA,EURONEXT - TRADED BUT NOT LISTED AMSTERDAM
TOWR,TOWER RESEARCH CAPITAL EUROPE - SYSTEMATIC INTERNALISER
TQEA,TURQUOISE EUROPE - LIT AUCTIONS
TQEB,TURQUOISE EUROPE - NYLON CASH ORDER BOOK
TQEM,TURQUOISE EUROPE - DARK
TQEX,TURQUOISE EUROPE
TRNL,MARKETAXESS POST-TRADE B.V. - APA
TWEA,TRADEWEB EU BV - APA
TWEM,TRADEWEB EU BV - MTF
TWEO,TRADEWEB EU BV - OTF
TWEU,TRADEWEB EU BV
XAMS,EURONEXT - EURONEXT AMSTERDAM
XEMS,EMS EXCHANGE
XEUC,"EURONEXT COM, COMMODITIES FUTURES AND OPTIONS"
XEUE,"EURONEXT EQF, EQUITIES AND INDICES DERIVATIVES"
XEUI,"EURONEXT IRF, INTEREST RATE FUTURE AND OPTIONS"
XNXC,NXCHANGE
XNXD,NXCHANGE B.V. MTF
XTRN,TRINIDAD AND TOBAGO STOCK EXCHANGE
BTUN,TUNIS STOCK EXCHANGE (BOURSE DE TUNIS) - BONDS MARKET
XTUN,TUNIS STOCK EXCHANGE (BOURSE DE TUNIS)
EWRM,TURKISH MERCANTILE EXCHANGE - ELECTRONIC WAREHOUSE RECEIPT MARKET
EXTR,ENERGY EXCHANGE ISTANBUL
TMEX,TURKISH MERCANTILE EXCHANGE
XDSM,BORSA ISTANBUL - DEBT SECURITIES MARKET
XEDA,ELECTRICITY DAY-AHEAD MARKET
XEID,ELECTRICITY INTRA-DAY MARKET
XEQY,BORSA ISTANBUL - EQUITY MARKET
XFNO,BORSA ISTANBUL - FUTURES AND OPTIONS MARKET
XIST,BORSA ISTANBUL
XPMS,BORSA ISTANBUL - PRECIOUS METALS AND DIAMONDS MARKETS
ULTX,ALT XCHANGE (U)
XUGA,UGANDA SECURITIES EXCHANGE
EESE,EAST EUROPEAN STOCK EXCHANGE
PFTQ,PFTS QUOTE DRIVEN
PFTS,PFTS STOCK EXCHANGE
SEPE,STOCK EXCHANGE PERSPECTIVA
UICE,UKRAINIAN INTERBANK CURRENCY EXCHANGE
UKEX,UKRAINIAN EXCHANGE
XDFB,JOINT-STOCK COMPANY “STOCK EXCHANGE INNEX”
XKHR,KHARKOV COMMODITY EXCHANGE
XKIE,KIEV UNIVERSAL EXCHANGE
XKIS,KIEV INTERNATIONAL STOCK EXCHANGE
XNDU,PJSC NATIONAL DEPOSITORY OF UKRAINE
XODE,ODESSA COMMODITY EXCHANGE
XPRI,PRIDNEPROVSK COMMODITY EXCHANGE
XUAX,UKRAINIAN STOCK EXCHANGE
XUKR,UKRAINIAN UNIVERSAL COMMODITY EXCHANGE
ABXX,YOSHI MARKETS LIMITED
DEXE,DEX LIMITED
DGCX,DUBAI GOLD & COMMODITIES EXCHANGE DMCC
DIFX,NASDAQ DUBAI
DUMX,DUBAI MERCANTILE EXCHANGE
GLOM,GLOMAX EXCHANGE LTD
GMGD,GMG DUBAI LIMITED
IFAD,ICE FUTURES ABU DHABI
KRME,PAYWARD MENA HOLDINGS LTD.
MATX,MATRIX LIMITED
MIDC,MIDCHAINS
XADS,ABU DHABI SECURITIES EXCHANGE
XDFM,DUBAI FINANCIAL MARKET
3579,SSY FUTURES LTD -  FREIGHT SCREEN
AFDL,ABIDE FINANCIAL DRSP LIMITED APA
AIMX,LONDON STOCK EXCHANGE - AIM MTF
AMPX,ASSET MATCH PRIVATE EXCHANGE
ANLP,AUSTRALIA AND NEW ZEALAND BANKING GROUP LIMITED
ANTS,ABBEY NATIONAL TREASURY SERVICES PLC - SYSTEMATIC INTERNALISER
ANZL,AUSTRALIA AND NEW ZEALAND BANKING GROUP LIMITED SYSTEMATIC INTERNALISER
AQXA,AQUIS EXCHANGE PLC AUCTION ON DEMAND (AOD)
AQXE,AQUIS EXCHANGE PLC
ARAX,ARRACO GLOBAL MARKETS LTD
ARCH,ARCHAX
ARIA,ARIAN TRADING FACILITY
ATLB,BRAEMAR ATLANTIC SECURITIES LTD
AUTB,AUTILLA - BASE METALS
AUTP,AUTILLA - PRECIOUS METALS
AUTX,AUTILLA
BALT,THE BALTIC EXCHANGE
BANA,"BANK OF AMERICA, NATIONAL ASSOCIATION"
BAPA,BLOOMBERG - APA
BARK,CBOE EUROPE - REGULATED MARKET DARK BOOK
BARO,CBOE EUROPE - REGULATED MARKET OFF BOOK
BART,CBOE EUROPE - REGULATED MARKET INTEGRATED BOOK
BASI,"BANK OF AMERICA, NATIONAL ASSOCIATION - LONDON BRANCH OFFICE - SYSTEMATIC INTERNALISER"
BATD,CBOE EUROPE - BXE DARK ORDER BOOK
BATE,CBOE EUROPE - BXE ORDER BOOKS
BATF,CBOE EUROPE - BXE OFF-BOOK
BATP,CBOE EUROPE - BXE PERIODIC
BBSI,BARCLAYS BANK PLC - SYSTEMATIC INTERNALISER
BBSX,BB SECURITIES LTD
BBVX,BANCO BILBAO VIZCAYA ARGENTARIA S.A. - UK - SYSTEMATIC INTERNALISER
BCRM,CBOE EUROPE REGULATED MARKETS
BCSI,BARCLAYS CAPITAL SECURITIES LIMITED - SYSTEMATIC INTERNALISER
BCSL,BARCLAYS CAPITAL SECURITIES LIMITED
BCXE,CBOE EUROPE EQUITIES
BETX,BET OTC BILAT COMMODITY DERIVATIVES
BGCB,BGC BROKERS LP - TRAYPORT
BGCI,BGC BROKERS LP
BGCO,BGC BROKERS LP - OTF
BGFU,BERENBERG FIXED INCOME UK - SYSTEMATIC INTERNALISER
BGUK,BERENBERG - SYSTEMATIC INTERNALISER UK
BISI,GOLDMAN SACHS INTERNATIONAL BANK - SYSTEMATIC INTERNALISER
BKLF,BNY MELLON - SYSTEMATIC INTERNALISER
BKLN,BNY MELLON INTERNATIONAL - LONDON BRANCH
BLNK,BLINK MTF
BLOX,BLOCKMATCH DARK
BLTX,BALTEX - FREIGHT DERIVATIVES MARKET
BMCM,BMO CAPITAL MARKETS LIMITED
BMLB,BANK OF MONTREAL - LONDON BRANCH - SYSTEMATIC INTERNALISER
BMTF,BLOOMBERG TRADING FACILITY LIMITED
BNPL,BNP PARIBAS SA LONDON BRANCH - SYSTEMATIC INTERNALISER
BNTW,BLOCKMATCH MTF NT
BOAL,"BANK OF AMERICA, NATIONAL ASSOCIATION - LONDON BRANCH OFFICE"
BOAT,CINNOBER BOAT
BOFS,BANK OF SCOTLAND PLC - SYSTEMATIC INTERNALISER
BOSC,BONDSCAPE
BOTC,OFF EXCHANGE IDENTIFIER FOR OTC TRADES REPORTED TO CBOE EUROPE
BPLC,BARCLAYS BANK PLC
BRFQ,BLOCKMATCH MTF RFQ
BRGA,BRYAN GARNIER AND CO LIMITED
BRNX,BERNSTEIN CROSS (BERN-X)
BSLB,"BANCO SANTANDER, LONDON BRANCH - SYSTEMATIC INTERNALISER"
BSPL,BNP PARIBAS SECURITIES SERVICES LONDON BRANCH - SYSTEMATIC INTERNALISER
BTEE,BROKERTEC EUROPE LIMITED - ALL MARKETS
BTLX,BTL OTC BILAT COMMODITY DERIVATIVES
BTQG,BROKERTEC EUROPE LIMITED - RFQ TRADING PROTOCOL
BUYN,LCH LTD - BUY IN
BVUK,BONDVISION UK
CBAL,COMMONWEALTH BANK OF AUSTRALIA - LONDON BRANCH - SYSTEMATIC INTERNALISER
CBNL,CITIBANK N.A. LONDON
CCEU,CITADEL CONNECT EUROPE - SYSTEMATIC INTERNALISER
CCML,CONTINENTAL CAPITAL MARKETS LIMITED - OTF
CCO2,CANTORCO2E.COM LIMITED
CEPU,CITIBANK EUROPE PLC - LONDON BRANCH
CFIC,CHINAFICC
CGMC,CITIGROUP GLOBAL MARKETS  LIMITED - EMEA LIQUIDITY HUB
CGMG,CITIGROUP GLOBAL MARKETS EUROPE AG - LONDON BRANCH - SYSTEMATIC INTERNALISER
CGML,CITIGROUP GLOBAL MARKETS LIMITED
CGMT,CITIGROUP GLOBAL MARKETS  LIMITED - EMEA TRADING
CGMU,CITI MATCH GB CONTRA LIQUIDITY
CHEV,CA CHEUVREUX
CHID,CBOE EUROPE - CXE DARK ORDER BOOK
CHIO,CBOE EUROPE - CXE OFF-BOOK
CHIX,CBOE EUROPE - CXE ORDER BOOKS
CIBC,CANADIAN IMPERIAL BANK OF COMMERCE - SYSTEMATIC INTERNALISER
CIBP,CIBC WORLD MARKETS PLC - SYSTEMATIC INTERNALISER
CLCH,LCH LTD - CROSS NETTING
CLVE,VERTO MTF
CMCM,CMC MARKETS UK PLC - SYSTEMATIC INTERNALISER
CMEC,CME CLEARING EUROPE
CMEE,CME  EUROPE
CMMT,CLEAR MARKETS EUROPE LIMITED
CRYP,CRYPTO FACILITIES
CSBX,CREDIT SUISSE AES EUROPE BENCHMARK CROSS
CSCF,CREDIT SUISSE AES CROSSFINDER EUROPE
CSEC,CITADEL SECURITIES FI - SYSTEMATIC INTERNALISER
CSEU,CREDIT SUISSE (EUROPE)
CSIN,CREDIT SUISSE INTERNATIONAL
CSLB,CREDIT SUISSE AG - LONDON BRANCH
CSSI,CREDIT SUISSE INTERNATIONAL - SYSTEMATIC INTERNALISER
CXOT,CREDITEX BROKERAGE LLP - OTF
CXRT,CREDITEX BROKERAGE LLP - MTF
DAIW,DAIWA CAPITAL MARKETS EUROPE LIMITED
DAUK,DANSKE BANK A/S - LONDON BRANCH - SYSTEMATIC INTERNALISER
DOWG,DOWGATE
DRSP,EURONEXT  UK - REPORTING SERVICES
DVFX,DIGITAL VEGA
EBSO,NEX SEF - RFQ - FX PRODUCTS FOR ASSET MANAGERS
ECHO,LONDON STOCK EXCHANGE - APA
ECNL,REFINITIV TRANSACTION SERVICES LIMITED - FX SPOT ECN
ECSL,ENTERPRISE COMMODITY SERVICES LIMITED
EIXE,AQUIS EXCHANGE PLC AQUIS - EIX INFRASTRUCTURE BOND MARKET
ELIX,ELIXIUM
EMBX,EMERGING MARKETS BOND EXCHANGE LIMITED
ENCL,ENCLEAR
EQLD,EQUILEND EUROPE LIMITED
EQSL,EQUILEND EUROPE LIMITED - SWAPS
EVOL,EVOLUTION MARKETS
EXBO,EXANE BNP PARIBAS - BID-OFFER CROSSING
EXCP,EXANE BNP PARIBAS - CLOSING PRICE
EXDC,EXANE BNP PARIBAS - DIRECT CAPITAL ACCESS
EXEU,EXANE BNP PARIBAS
EXLP,EXANE BNP PARIBAS - LIQUIDITY PROVISION
EXMP,EXANE BNP PARIBAS - MID POINT
EXOR,EXANE BNP PARIBAS - CHILD ORDER CROSSING
EXOT,EXOTIX CAPITAL  - OTF
EXSI,EXANE BNP PARIBAS - GB - SYSTEMATIC INTERNALISER
EXVP,EXANE BNP PARIBAS - VOLUME PROFILE CROSSING
FAIR,CANTOR SPREADFAIR
FISU,FREIGHT INVESTOR SERVICES LIMITED
FNUK,FINANTIA UK LIMITED - SYSTEMATIC INTERNALISER
FRTE,FORTE  - OTF
FXGB,FXCM - MTF
FXOP,TRADITION-NEX OTF
GEMX,GEMMA (GILT EDGED MARKET MAKERS’ASSOCIATION)
GFBM,GFI BROKERS - MTF
GFBO,GFI BROKERS - OTF
GFIB,GFI BROKERS
GFIC,GFI SECURITIES LTD
GFIF,GFI FOREXMATCH
GFIN,GFI ENERGYMATCH
GFIR,GFI RATESMATCH
GFOX,GLOBAL FUTURES AND OPTIONS LTD
GFSM,GFI SECURITIES LTD - MTF
GFSO,GFI SECURITIES LTD - OTF
GMEG,GMEX EXCHANGE
GMGL,GMG BROKERS LIMITED
GRIF,GRIFFIN MARKETS LIMITED
GRIO,GRIFFIN MARKETS LIMITED - OTF
GRSE,THE GREEN STOCK EXCHANGE - ACB IMPACT MARKETS
GSIB,GOLDMAN SACHS INTERNATIONAL BANK
GSIL,GOLDMAN SACHS INTERNATIONAL
GSSI,GOLDMAN SACHS INTERNATIONAL - SYSTEMATIC INTERNALISER
HPSO,HPC OTF - UK ETRADING PLATFORM
HPSX,HPC OTF
HRSI,HUDSON RIVER TRADING - SYSTEMATIC INTERNALISER
HSBC,HSBC - SYSTEMATIC INTERNALISER
IBAL,ICE BENCHMARK ADMINISTRATION
ICEO,ICAP ENERGY - OTF
ICPM,TP ICAP UK MTF
IECL,ICAP ENERGY LTD OTF - COMMODITIES AND ENERGY DERIVATIVES
IFEN,ICE FUTURES EUROPE - OIL AND REFINED PRODUCTS DIVISION
IFEU,ICE FUTURES EUROPE
IFLL,ICE FUTURES EUROPE - FINANCIAL PRODUCTS DIVISION
IFLO,ICE FUTURES EUROPE - EQUITY PRODUCTS DIVISION
IFLS,SWAPXECUTE
IFLX,ICE FUTURES EUROPE - AGRICULTURAL PRODUCTS DIVISION
IFUT,ICE FUTURES EUROPE - EUROPEAN UTILITIES DIVISION
IGDL,ICAP GLOBAL DERIVATIVES LIMITED
ILCM,LOUIS CAPITAL MARKETS UK
IMCE,TP ICAP UK MTF - CASH EQUITY
IMED,TP ICAP UK MTF - EQUITY DERIVATIVES
IMET,TP ICAP UK MTF - EXCHANGE TRADED PRODUCTS
IMFD,TP ICAP UK MTF - FX DERIVATIVES
IMGB,TP ICAP UK MTF - GOVERNMENT BONDS EXCLUDING GILTS
IMGI,TP ICAP UK MTF - GILTS
IMMM,TP ICAP UK MTF - MONEY MARKET INSTRUMENTS
IMRD,TP ICAP UK MTF - INTEREST RATE DERIVATIVES
IMSB,TP ICAP UK MTF - CORPORATE BONDS AND SECURITIES DEBT
IMTF,INTEGRAL MTF
INGU,ING BANK NV - SYSTEMATIC INTERNALISER - LONDON BRANCH
INVE,INVESTEC BANK PLC - SYSTEMATIC INTERNALISER
IOCD,ICAP SECURITIES OTF - CREDIT DERIVATIVES
IOED,ICAP SECURITIES OTF - EQUITY DERIVATIVES
IOFI,ICAP SECURITIES OTF - CORPORATE BONDS AND SECURITISED DEBT
IOFX,ICAP SECURITIES OTF - FX DERIVATIVES
IOGB,ICAP SECURITIES OTF - GOVERNMENT BONDS EXCLUDING  UK GILTS
IOGI,ICAP SECURITIES OTF - GOVERNMENT BONDS - UK GILTS
IOIR,ICAP SECURITIES OTF - INTEREST RATE DERIVATIVES
IOMM,ICAP SECURITIES OTF - MONEY MARKET INSTRUMENTS
IOTC,INSTINET EUROPE LIMITED OTC
IOTF,ICAP SECURITIES - OTF
IPSX,IPSX
IPXP,IPSX PRIME
IPXW,IPSX WHOLESALE
ISSI,ICBC STANDARD BANK - SYSTEMATIC INTERNALISER
ISWA,ISWAP UK MTF
ISWB,ISWAP UK MTF - TRADE REGISTRATION
ISWC,ISWAP UK MTF ORDER BOOK
ISWE,ICAP GLOBAL DERIVATIVES LIMITED - ELECTRONIC
ISWR,ISWAP UK MTF TARGETED STREAMING/RFQ
ISWV,ICAP GLOBAL DERIVATIVES LIMITED - VOICE
IUOB,ICAP UK OTF - ORDERBOOK
JEFS,JEFFERIES INTERNATIONAL - SYSTEMATIC INTERNALISER
JISI,JEFFERIES INTERNATIONAL
JPCB,JPMORGAN CHASE BANK N.A. LONDON BRANCH
JPSI,J.P. MORGAN SECURITIES PLC
JSSI,JANE STREET FINANCIAL LTD - SYSTEMATIC INTERNALISER
KBLM,KYTE BROKING LIMITED
KLEU,KNIGHT LINK EUROPE
LBCM,LLOYDS BANK CORPORATE MARKETS - SYSTEMATIC INTERNALISER
LCUR,CURRENEX LDFX
LELE,LEDGEREDGE
LIQF,LIQUIDNET EUROPE LIMITED
LIQH,LIQUIDNET H20
LIQU,LIQUIDNET SYSTEMS
LISX,CBOE  EUROPE - LIS SERVICE
LMAD,LMAX - DERIVATIVES
LMAE,LMAX - EQUITIES
LMAF,LMAX - FX
LMAO,LMAX - INDICES/RATES/COMMODITIES
LMAX,LMAX
LMEC,LME CLEAR
LOTC,OTC MARKET
LOUI,LOUIS CAPITAL MARKETS UK LLP
LOYD,LLOYDS BANK - SYSTEMATIC INTERNALISER
LPPM,LONDON PLATINUM AND PALLADIUM MARKET
MAEL,MARKETAXESS EUROPE LIMITED
MAKX,MAKOR SECURITIES LONDON LTD
MAQI,MACQUARIE BANK INTERNATIONAL LIMITED - SYSTEMATIC INTERNALISER
MAQL,MACQUARIE CAPITAL EUROPE LIMITED
MAQU,"MACQUARIE BANK LIMITED, LONDON BRANCH - SYSTEMATIC INTERNALISER"
MAXD,MAX MARKETS LIMITED
MBSI,MORGAN STANLEY BANK INTERNATIONAL LIMITED - SYSTEMATIC INTERNALISER
MCUR,CURRENEX MTF
MCXR,CURRENEX MTF - RFQ
MCXS,CURRENEX MTF - STREAMING
METZ,MET ZURICH
MFGL,MF GLOBAL ENERGY MTF
MFXA,FX CONNECT - MTF - ALLOCATIONS
MFXC,FX CONNECT - MTF
MFXR,FX CONNECT - MTF - RFQ
MHBL,"MIZUHO BANK, LTD. LONDON BRANCH - SYSTEMATIC INTERNALISER"
MHIP,MIZUHO INTERNATIONAL - SYSTEMATIC INTERNALISER
MLIX,MERRILL LYNCH INTERNATIONAL
MLRQ,MERRILL LYNCH INTERNATIONAL - RFQ - SYSTEMATIC INTERNALISER
MLSI,MERRILL LYNCH INTERNATIONAL - SYSTEMATIC INTERNALISER
MSBI,MORGAN STANLEY BANK INTERNATIONAL LIMITED
MSIP,MORGAN STANLEY AND CO. INTERNATIONAL PLC
MSSI,MORGAN STANLEY AND CO. INTERNATIONAL PLC - SYSTEMATIC INTERNALISER
MUBL,"MUFG BANK, LTD. - LONDON BRANCH -SYSTEMATIC INTERNALISER"
MUFP,MARIANA UFP LLP
MUSE,MUFG SECURITIES EMEA PLC - SYSTEMATIC INTERNALISER
MUTI,MITSUBISHI UFJ TRUST INTERNATIONAL LIMITED
MXLM,MARKETAXESS EUROPE LIMITED - LIVE MARKETS
MYTR,MYTREASURY
N2EX,N2EX
NABA,NATIONAL AUSTRALIA BANK - FX DERIVATIVES AND FIXED INCOME SECURITIES - SYSTEMATIC INTERNALISER
NABL,NATIONAL AUSTRALIA BANK - SYSTEMATIC INTERNALISER
NBFL,NATIONAL BANK FINANCIAL INC. - SYSTEMATIC INTERNALISER
NCML,SMBC NIKKO CAPITAL MARKETS LIMITED - SYSTEMATIC INTERNALISER
NDCM,ICE ENDEX UK OCM GAS SPOT
NEXD,AQSE MAIN MARKET (NON-EQUITY)
NEXF,AQSE GROWTH MARKET (NON-EQUITY)
NEXG,AQSE GROWTH MARKET (EQUITY)
NEXL,AQSE MAIN MARKET (EQUITY)
NEXN,AQSE TRADING (NON-EQUITY)
NEXS,NEX SEF
NEXT,AQSE TRADING (EQUITY)
NEXX,AQUIS STOCK EXCHANGE
NOFF,NOMURA OTC TRADES
NOSI,NOMURA - SYSTEMATIC INTERNALISER
NTUK,NATIXIS LONDON BRANCH
NWMS,ROYAL BANK OF SCOTLAND - SYSTEMATIC INTERNALISER
NXEU,NX
OCSI,SOVA CAPITAL - SYSTEMATIC INTERNALISER
OTCE,OTCEX
OTXT,OTCX TRADING LIMITED UK MTF
PARX,PARFX
PEEL,PEEL HUNT LLP UK
PFXD,PARNDF
PIEU,ARITAS FINANCIAL LTD
PIRM,PIRUM
PLDX,PLUS DERIVATIVES EXCHANGE
PPEX,PROPERTY PARTNER EXCHANGE
PVMF,PVM OTF
QWIX,Q-WIXX PLATFORM
R5FX,R5FX LIMITED
RABL,RABOBANK INTERNATIONAL UK - SYSTEMATIC INTERNALISER
RBCE,RBC EUROPE LIMITED
RBCM,RBC - ROYAL BANK OF CANADA
RBCT,RBC INVESTOR SERVICES TRUST
RBSX,RBS CROSS
REST,NEX SEF MTF - RESET - RISK MITIGATION SERVICES
RTSI,RBC INVESTOR SERVICES TRUST - SYSTEMATIC INTERNALISER
RTSL,REFINITIV TRANSACTIONS SERVICES LIMITED
SBEX,SCOTIABANK - SYSTEMATIC INTERNALISER
SCOT,SCOTTISH STOCK EXCHANGE
SECF,SECFINEX
SFCL,SWISSCANTO FUNDS CENTRE LIMITED
SGMX,SIGMA X MTF
SGMY,SIGMA X MTF - AUCTION BOOK
SGMZ,SIGMA X MTF - NEGOTIATED TRADE
SHAR,ASSET MATCH
SICS,CREDIT SUISSE SECURITIES (EUROPE) LIMITED - SYSTEMATIC INTERNALISER
SIFX,SIEGE FX LIMITED
SISU,SUSQUEHANNA INTERNATIONAL SECURITIES LIMITED - LONDON BRANCH - SYSTEMATIC INTERNALISER
SKYX,SKYTRA
SMBE,SUMITOMO MITSUI BANKING CORPORATION EUROPE LIMITED
SMBG,SUMITOMO MITSUI BANKING CORPORATION - LONDON BRANCH - SYSTEMATIC INTERNALISER
SNUK,SANTANDER UK - SYSTEMATIC INTERNALISER
SPDX,SPREADEX
SPEC,MAREX SPECTRON INTERNATIONAL LIMITED OTF
SPRZ,SPREADZERO
SQUA,SQUARE GLOBAL - OTF
SSBT,STATE STREET BANK AND TRUST COMPANY
SSEX,SOCIAL STOCK EXCHANGE
SSFX,STATE STREET BANK AND TRUST FX - SYSTEMATIC INTERNALISER
SSIL,STATE STREET BANK INTERNATIONAL FX - LONDON BRANCH - SYSTEMATIC INTERNALISER
STAN,STANDARD CHARTERED - SYSTEMATIC INTERNALISER
STFL,STIFEL NICOLAUS EUROPE LIMITED - SYSTEMATIC INTERNALISER
SWAP,SWAPSTREAM
TCDS,TRADITION OTF
TCML,TIDE CM
TDBL,TORONTO DOMINION BANK - LONDON BRANCH
TECO,TULLETT PREBON EUROPE - OTF - COMMODITY AND ENERGY DERIVATIVES
TEFD,TULLETT PREBON EUROPE -  MTF - FX DERIVATIVES
TEFX,TULLETT PREBON EUROPE - OTF - FX DERIVATIVES
TEGB,TULLETT PREBON EUROPE - OTF - GOVERNMENT BONDS EXCLUDING UK GILTS
TEGI,TULLETT PREBON EUROPE - OTF - GOVERNMENT BONDS - UK GILTS
TEIR,TULLETT PREBON EUROPE - OTF - INTEREST RATE DERIVATIVES
TEMB,TULLETT PREBON EUROPE -  MTF - GOVERNMENT BONDS EXCLUDING UK GILTS
TEMF,TULLETT PREBON EUROPE -  MTF - CORPORATE BONDS AND SECURITISED DEBT
TEMI,TULLETT PREBON EUROPE -  MTF - MONEY MARKETS
TEMM,TULLETT PREBON EUROPE - OTF - MONEY MARKET INSTRUMENTS
TEMR,TULLETT PREBON EUROPE -  MTF - REPOS
TERE,TULLETT PREBON EUROPE - OTF - REPOS
TIRD,TULLETT PREBON EUROPE - MTF - INTEREST RATE DERIVATIVES
TPEL,TULLETT PREBON (EUROPE) LIMITED
TPEO,TULLETT PREBON EUROPE - OTF
TPID,TP ICAP - UK - DIGITAL ASSETS
TPIE,THE PROPERTY INVESTMENT EXCHANGE
TPSL,TULLETT PREBON SECURITIES - MTF
TPSO,TP UK OTF
TRAL,REFINITIV TRANSACTIONS SERVICES LIMITED - FXALL RFQ
TRAX,MARKETAXESS POST-TRADE LIMITED - APA
TRDE,TRADITION
TRDX,TRAD-X
TREA,TRADEWEB EUROPE LIMITED - APA
TREO,TRADEWEB EUROPE LIMITED - OTF
TREU,TRADEWEB EUROPE LIMITED
TRFW,REFINITIV TRANSACTION SERVICES LIMITED - FORWARDS MATCHING
TRQA,TURQUOISE LIT AUCTIONS
TRQB,TURQUOISE NYLON CASH ORDER BOOK
TRQC,TURQUOISE NYLON CLEARED CONTRACT
TRQM,TURQUOISE PLATO
TRQX,TURQUOISE
TRSI,TOWER RESEARCH CAPITAL EUROPE LTD
TRUK,TRADING 212 UK LIMITED
TSCB,TP UK OTF - CORPORATE BONDS
TSCD,TP UK OTF - CREDIT DERIVATIVES
TSED,TP UK OTF - EQUITY DERIVATIVES
TSFI,TP UK OTF - CORPORATE BONDS AND SECURITISED DEBT
TSFX,TP UK OTF - FX DERIVATIVES
TSGB,TP UK OTF - GOVERNMENT BONDS EXCLUDING UK GILTS
TSGI,TP UK OTF - GOVERNMENT BONDS - UK GILTS
TSIR,TP UK OTF - INTEREST RATE DERIVATIVES
TSMM,TP UK OTF - MONEY MARKET INSTRUMENTS
TSMR,TULLETT PREBON SECURITIES - MTF - REPOS
TSRE,TP UK OTF - REPOS
TUOB,TP UK OTF - ORDERBOOK
TWGP,TRADEWEB EUROPE LIMITED - GLOBAL TRADING PLATFORM
UBIN,UNION BANK OF INDIA UK LTD
UBSB,UBS AG LONDON BRANCH - TRADING
UBSY,UBS AG LONDON BRANCH - SYSTEMATIC INTERNALISER
UGEN,UNITEDBLOCKTRADE
UKCA,CREDIT AGRICOLE CIB UK BRANCH - SYSTEMATIC INTERNALISER
UKGD,MTS UK
UKOR,TP ICAP UK MTF - ORDERBOOK
UKPX,APX POWER UK
UKRE,TP ICAP UK MTF - REGISTRATION
UNGB,UNICREDIT BANK AG - LONDON BRANCH - UK SYSTEMATIC INTERNALISER
VAGL,VIRTUAL AUCTION GLOBAL LIMITED
VAGM,VIRTUAL AUCTION GLOBAL MARKETS - MTF
VCMO,VANTAGE CAPITAL MARKETS LLP - OTF
VEGA,VEGA-CHI
VFGB,VIRTU FINANCIAL IRELAND LIMITED (LONDON BRANCH) - SYSTEMATIC INTERNALISER
VIUK,POSIT UK
VTBC,VTB CAPITAL PLC - SYSTEMATIC INTERNALISER
WELN,WEL - SYSTEMATIC INTERNALISER
WFLB,WELLS FARGO BANK NA - LONDON BRANCH - SYSTEMATIC INTERNALISER
WINS,WINTERFLOOD SECURITIES LIMITED - ELECTRONIC PLATFORM
WINX,WINTERFLOOD SECURITIES LIMITED - MANUAL TRADING
WSIL,WELLS FARGO SECURITIES INTERNATIONAL
WSIN,WESTPAC BANKING CORPORATION - SYSTEMATIC INTERNALISER
XALT,ALTEX - ATS
XCOR,ICMA
XEBS,EBS UK MULTILATERAL TRADING FACILITY
XGCL,GLOBAL COAL LIMITED
XGCX,GLOBAL COMMODITIES EXCHANGE
XGDX,GLOBAL DERIVATIVES EXCHANGE
XGSX,GLOBAL SECURITIES EXCHANGE
XIEL,INSTINET EUROPE LIMITED
XLBM,LONDON BULLION MARKET
XLCH,LCH LTD
XLDX,LONDON DERIVATIVES EXCHANGE
XLME,LONDON METAL EXCHANGE
XLOD,LONDON STOCK EXCHANGE - CURVEGLOBAL MARKETS
XLOM,LONDON STOCK EXCHANGE - MTF
XLON,LONDON STOCK EXCHANGE
XMTS,EUROMTS LTD
XPAL,POSIT AUCTION UK
XPHX,PEEL HUNT CROSSING
XPOL,POSIT DARK UK
XPUK,XP INVESTMENTS UK LLP
XRSP,PEEL HUNT RETAIL
XSGB,SOCIETE GENERALE (LONDON BRANCH) - SYSTEMATIC INTERNALISER
XSWB,SWX SWISS BLOCK
XTXM,XTX MARKETS
XUBS,AQUIS EXCHANGE PLC - AMP - DARK ORDER BOOK
ZODM,ZODIA MARKETS
AATS,ASSENT ATS
ACKF,KCG ACKNOWLEDGE FI
ADVT,ADVISE TECHNOLOGIES - APA TRANSPARENCY REPORTING
ALDP,NYSE ALTERNEXT DARK
AMLG,AMERICAN LEDGER ATS
AMXO,NYSE AMEX OPTIONS
AQUA,AQUA EQUITIES L.P.
ARCD,ARCA DARK
ARCO,NYSE ARCA OPTIONS
ARCX,NYSE ARCA
ARKX,ARKONIS
ASEF,AEGIS SWAP EXECUTION FACILITY
ASMT,INTELLIGENTCROSS ASPEN MAKER/TAKER
ASPI,INTELLIGENTCROSS ASPEN INVERTED
ASPN,INTELLIGENTCROSS ASPEN INTELLIGENT BID/OFFER
BAML,BANK OF AMERICA - MERRILL LYNCH INSTINCT X ATS
BAMX,BANK OF AMERICA - MERRILL LYNCH GCX
BARD,BARCLAYS FX - TRADING
BARL,BARCLAYS LIQUID MARKETS
BARX,BARCLAYS ATS
BATO,CBOE BZX OPTIONS EXCHANGE
BATS,CBOE BZX U.S. EQUITIES EXCHANGE
BATY,CBOE BYX U.S. EQUITIES EXCHANGE
BBOK,BARCLAYS SINGLE DEALER PLATFORM
BBSF,BLOOMBERG SEF LLC
BCDX,BARCLAYS DIRECT EX ATS
BGCD,BGC DERIVATIVE MARKETS L.P.
BGCF,BGC FINANCIAL INC
BHSF,BATS HOTSPOT SEF LLC
BIDS,BIDS TRADING L.P.
BKKT,BAKKT
BLKX,INSTINET BLOCKCROSS ATS
BLTD,BLOOMBERG TRADEBOOK LLC
BLUE,PRO SECURITIES ATS
BNDD,TRADEWEB DIRECT LLC
BNPC,BNPP CORTEX ATS
BNYC,CONVERGEX
BOSD,NASDAQ OMX BX DARK
BPOL,BLOOMBERG BPOOL
BSTX,BOSTON SECURITY TOKEN EXCHANGE LLC
BTEC,ICAP ELECTRONIC BROKING (US)
BTEQ,BROKERTEC AMERICAS LLC - RFQ PLATFORM
BTNL,BITNOMIAL
BVUS,BONDVISION US
BYXD,CBOE BYX U.S. EQUITIES EXCHANGE DARK
BZXD,CBOE BZX U.S. EQUITIES EXCHANGE DARK
C2OX,CBOE C2 OPTIONS EXCHANGE
CAES,CREDIT SUISSE AES CROSSFINDER
CALH,CLSA AMERICAS - LIQUIDITY HUB
CAVE,CAVEAT EMPTOR
CBSX,CBOE STOCK EXCHANGE
CBTS,CME SWAPS MARKETS (CBOT)
CCMX,CARTAX
CDED,CITADEL SECURITIES
CECS,CME SWAPS MARKETS (COMEX)
CGMI,CITIGROUP GLOBAL MARKETS
CGXS,ONECHRONOS
CIOI,CIOI
CISD,"NYSE NATIONAL, INC. - DARK"
CLST,CLEAR STREET
CMES,CME SWAPS MARKETS (CME)
CMSF,"CLEAR MARKETS NORTH AMERICA, INC."
CODA,CODA MARKETS - MICRO AND BLOCK
COHR,"COMHAR CAPITAL MARKETS, LLC"
CPGX,"CLEARPOOL EXECUTION SERVICES, LLC"
CRED,CREDIT SUISSE (US)
CSCL,CREDIT SUISSE CLOSEX
CSVW,CREDIT SUISSE VWAPX
CURX,CUREX FX
DASH,DASH ATS
DBAB,DEUTSCHE BANK SECURITIES INC.
DEAL,DCX (DERIVATIVES CURRENCY EXCHANGE)
DWFI,DEALERWEB FIXED INCOME
DWSF,DW SEF LLC
EBXV,LEVEL ATS - VWAP CROSS
EDDP,CBOE EDGX U.S. EQUITIES EXCHANGE DARK
EDGA,CBOE EDGA U.S. EQUITIES EXCHANGE
EDGD,CBOE EDGA U.S. EQUITIES EXCHANGE DARK
EDGO,CBOE EDGX OPTIONS EXCHANGE
EDGX,CBOE EDGX U.S. EQUITIES EXCHANGE
EGMT,EG MARKET TECHNOLOGIES
EMLD,"MIAX EMERALD, LLC"
EPRD,MIAX PEARL EQUITIES EXCHANGE DARK
EPRL,MIAX PEARL EQUITIES
EQUS,EQUILEND LLC
ERIS,ERSX
EXPM,EXPERT MARKET
FAST,EURONEXT FX
FCBT,CHICAGO BOARD OF TRADE (FLOOR)
FCME,CHICAGO MERCANTILE EXCHANGE (FLOOR)
FICO,FINANCIALCONTENT
FINC,FINRA/NASDAQ TRF CHICAGO (TRADE REPORTING FACILITY)
FINN,FINRA/NASDAQ TRF CARTERET (TRADE REPORTING FACILITY)
FINO,FINRA ORF (TRADE REPORTING FACILITY)
FINR,FINRA
FINY,FINRA/NYSE TRF (TRADE REPORTING FACILITY)
FNCS,FENICS - US TREASURIES
FNFT,FENICS FUTURES
FNFX,FENICS FX ECN
FNIX,GFI SECURITIES LLC - FENICS DELTA X
FNXB,FENICS INVITATIONS
FREX,FAIRX
FSEF,FTSEF LLC
FTUS,FLOW TRADERS U.S LLC
FUSD,FTX US DERIVATIVES
FXAL,FXALL
FXCM,FXCM
FXNM,REFINITIV MATCHING NDFS SEF
FXPS,REFINITIV SEF REQUEST FOR STREAM
G1XX,G1 EXECUTION SERVICES
GFAM,GFI SECURITIES LLC - ALL MARKETS
GLBX,CME GLOBEX
GLLC,GATE US LLC
GLMX,GLMX
GLPS,"ESSEX RADEZ, LLC"
GLPX,"ACS EXECUTION SERVICES, LLC"
GMNI,ISE GEMINI EXCHANGE
GOTC,GLOBAL OTC
GOVX,GOVEX
GREE,THE GREEN EXCHANGE
GSCO,GOLDMAN SACHS AND CO.
GSEF,"GFI SWAPS EXCHANGE, LLC"
GTCO,KCG AMERICAS LLC
GTSX,GTSX
GTXS,"GTX SEF, LLC"
HEGX,NADEX
HPPO,POTAMUS TRADING LLC
HRTF,HUDSON RIVER TRADING (HRT)
HRTX,HUDSON RIVER TRADING
HSFX,HOTSPOT FX
IATS,INTERACTIVE BROKERS LLC - ATS
ICBX,INSTINET CBX (US)
ICEL,"ISLAND ECN LTD, THE"
ICES,ICE SWAP TRADE LLC
ICRO,INSTINET VWAP CROSS
ICSU,ICAP SEF (US)  LLC.
IDXM,"IDX MARKETS, LLC"
IEPA,INTERCONTINENTAL EXCHANGE
IEXD,INVESTORS EXCHANGE - DARK
IEXG,INVESTORS EXCHANGE
IFED,ICE FUTURES U.S. ENERGY DIVISION
IFUS,ICE FUTURES U.S.
IMAG,ICE MARKETS AGRICULTURE
IMBD,ICE MARKETS BONDS
IMCC,ICE CREDIT TRADE
IMCG,CREDITEX LLC
IMCR,ICE MARKETS CREDIT
IMCS,IMC FINANCIAL MARKETS
IMEN,ICE MARKETS ENERGY
IMFX,ICE MARKETS FOREIGN EXCHANGE
IMIR,ICE MARKETS RATES
INCA,INSTINET DESK CROSS
INCR,INTELLIGENTCROSS
ISDA,ISDAFIX
ITGI,ITG - POSIT
JLEQ,JUMP LIQUIDITY - US EQUITY PLATFORM
JLQD,JUMP LIQUIDITY - MULTI-ASSET PLATFORM
JNST,"JANE STREET CAPITAL, LLC"
JPBX,JPBX
JPMS,"JPMS, LLC"
JPMX,JPMX
JSES,JANE STREET EXECUTION SERVICES LLC
JSJX,JANE STREET JX
KLSH,KALSHIEX LLC
KNCM,KNIGHT CAPITAL MARKETS LLC
KNEM,KNIGHT EQUITY MARKETS LP
KNIG,KNIGHT
KNLI,KNIGHT LINK
LAMP,LAMPOST CAPITAL
LASF,LATAM SEF
LATG,GFI SECURITIES LLC - CREDITMATCH (LATG)
LEDG,LEDGERX
LESI,LEDGEREDGE SECURITIES INC.
LEVL,LEVEL ATS
LIFI,"LIQUIDNET, INC. FIXED INCOME ATS"
LIUH,"LIQUIDNET, INC. H2O ATS"
LIUS,"LIQUIDNET, INC."
LMNX,LUMINEX TRADING & ANALYTICS LLC - ATS
LPSF,LPSFX LLC
LQED,LIQUIDITYEDGE
LQFI,CITI LIQUIFI
LTAA,LUMINEX TRADING & ANALYTICS LLC
LTSE,"LONG-TERM STOCK EXCHANGE, INC."
MAGM,MAGMA ATS
MCRY,"ISE MERCURY, LLC"
MELO,NASDAQ MIDPOINT-ELO (M-ELO)
MEMD,MEMX LLC DARK
MEMM,MEMX LLC RETAIL MIDPOINT
MEMX,MEMX LLC EQUITIES
MIHI,"MIAMI INTERNATIONAL HOLDINGS, INC."
MKAA,MARKETAXESS ATS
MLCO,BANK OF AMERICA - MERRILL LYNCH OTC
MLVX,BANK OF AMERICA - MERRILL LYNCH VWAP CROSS
MOCX,MOC CROSS
MPRL,"MIAX PEARL, LLC"
MSCO,MORGAN STANLEY AND CO. LLC
MSPL,MS POOL
MSRP,MS RPOOL
MSTX,MS TRAJECTORY CROSS
MTSB,MTS BONDS.COM
MTUS,MTS MARKETS INTERNATIONAL INC.
MTXA,MARKETAXESS CANADA COMPANY
MTXC,MARKETAXESS CORPORATION SINGLE-NAME CDS CENTRAL LIMIT ORDER
MTXM,MARKETAXESS CORPORATION MID-X TRADING SYSTEM
MTXS,MARKETAXESS SEF CORPORATION
MTXX,MARKETAXESS CORPORATION
MXOP,MEMX LLC OPTIONS
NASD,NSDQ DARK
NBLX,NOBLE EXCHANGE
NFSA,FIDELITY CROSSSTREAM
NFSC,"NATIONAL FINANCIAL SERVICES, LLC"
NFSD,FIDELITY DARK
NLAX,"CLEARPOOL EXECUTION SERVICES, LLC - NATURAL LIQUIDITY ALLIANCE"
NMRA,NOMURA SECURITIES INTERNATIONAL
NODX,NODAL EXCHANGE
NXUS,NX ATS - CROSSING PLATFORM
NYFX,MILLENNIUM
NYMS,CME SWAPS MARKETS (NYMEX)
NYPC,NEW YORK PORTFOLIO CLEARING
NYSD,NYSE DARK
OCEA,BLUE OCEAN ALTERNATIVE TRADING SYSTEM
OLLC,OTCEX LLC
ONEC,CITI-ONE
OOTC,OTHER OTC
OPRA,OPTIONS PRICE REPORTING AUTHORITY
OTCB,OTCQB MARKETPLACE
OTCI,OTC LINK NQB IDQS (INTER-DEALER QUOTATION SYSTEM)
OTCM,OTC LINK ATS - OTC MARKETS
OTCN,OTC LINK ECN
OTCQ,OTCQX MARKETPLACE
PINC,OTC PINK CURRENT
PINI,OTC PINK NO INFORMATION
PINL,OTC PINK LIMITED
PINX,OTC PINK MARKETPLACE
PIPE,ARITAS SECURITIES LLC
PIPR,PIPER SANDLER AND CO.
PJCX,PIPER SANDLER AND CO. - ATS
PRSE,PRAGMA ATS
PSGM,OTC GREY MARKET
PSXD,NASDAQ PSX
PUMA,"PUMA CAPITAL, LLC"
PUMX,"PUMA CAPITAL, LLC - OPTIONS"
PUND,PUNDION LLC
RAJA,RAYMOND JAMES
RCMA,RBC CAPITAL MARKETS ARBITRAGE S.A.
RICD,RIVERCROSS DARK
RICX,RIVERCROSS
SAGE,SAGETRADER
SCXA,SEED DIGITAL SECURITIES MARKET
SCXF,SEED FUTURES
SCXM,SEED DIGITAL COMMODITIES MARKET
SCXO,SEED CX
SCXS,SEED SEF
SFOX,SFOX
SGA2,"SG AMERICAS SECURITIES, LLC - SECOND VENUE"
SGAS,"SG AMERICAS SECURITIES, LLC"
SGMA,GOLDMAN SACH MTF
SGMT,SIGMA X2
SHAD,D.E. SHAW DARK
SHAW,D.E. SHAW
SMFE,"SMALL EXCHANGE, INC - DESIGNATED CONTRACT MARKET"
SOHO,"TWO SIGMA SECURITIES, LLC"
SPAX,SPECTRAXE
SPTX,SPOT FX
SSTX,E-EXCHANGE
STFX,"STIFEL, NICOLAUS AND COMPANY, INCORPORATED"
STRM,PURESTREAM
SUNT,SUN TRADING LLC
TERA,TERAEXCHANGE
TFSU,TFS GREEN UNITED STATES GREEN MARKETS
THEM,THEMIS TRADING LLC
THRE,REFINITIV US SEF LLC
TMCC,ICE TMC
TMID,TRUMID ATS
TPSE,"TP SEF, INC."
TPSV,"TPSEF, INC - VOICE"
TRAI,TRAIANA INC
TRCK,TRACK ECN
TRCX,TOWER RESEARCH CAPITAL TRCX
TRU1,TRUEEX LLC - DESIGNATED CONTRACT MARKET (DMC)
TRU2,TRUEEX LLC - SEF (SWAP EXECUTION FACILITY)
TRUX,TRUEEX LLC
TRWB,TRADEWEB LLC
TSAD,TRADITION SECURITIES AND DERIVATIVES INC.
TSBX,"DBOT ATS, LLC"
TSEF,TRADITION SEF
TWSF,TW SEF LLC
UBEC,UNIVERSAL BARTER EXCHANGE CREDIT UNION
UBSA,UBS ATS
UBSP,UBS PIN (UBS PRICE IMPROVEMENT NETWORK)
UBSS,UBS SECURITIES LLC
VABD,ICE BONDPOINT
VALX,VIRTU CLIENT MARKET MAKING
VCRS,VIRTU MATCHIT - CONDITIONAL ROOM
VERT,VERTICAL
VFCM,VIRTU FINANCIAL CAPITAL MARKETS LLC
VFMI,VIRTU MATCHIT - MAIN CROSSING SESSION
VIRT,VIRTU FINANCIAL BD
VNDM,WALL STREET ACCESS NYC - VNDM
VTEX,VORTEX
VUSA,VIRTU AMERICAS LLC
WABR,WALL STREET ACCESS NYC
WELS,"WELLS FARGO SECURITIES, LLC - CASH EQUITIES"
WSAG,WALL STREET ACCESS
XADF,FINRA ALTERNATIVE DISPLAY FACILITY (ADF)
XAQS,AUTOMATED EQUITY FINANCE MARKETS
XASE,NYSE MKT LLC
XBOS,NASDAQ OMX BX
XBOX,BOX OPTIONS EXCHANGE
XBRT,BRUT ECN
XBXO,NASDAQ OMX BX OPTIONS
XCBF,CBOE FUTURES EXCHANGE
XCBO,CBOE GLOBAL MARKETS INC.
XCBT,CHICAGO BOARD OF TRADE
XCEC,COMMODITIES EXCHANGE CENTER
XCFF,CANTOR FINANCIAL FUTURES EXCHANGE
XCHI,"NYSE CHICAGO, INC."
XCIS,"NYSE NATIONAL, INC."
XCME,CHICAGO MERCANTILE EXCHANGE
XCUR,CURRENEX
XELX,ELX
XFCI,FINANCIALCONTENT - INDEXES
XFDA,FINANCIALCONTENT - DIGITAL ASSET TRADE REPORTING FACILITY
XGMX,GLOBALCLEAR MERCANTILE EXCHANGE
XIMM,INTERNATIONAL MONETARY MARKET
XINS,INSTINET
XIOM,INDEX AND OPTIONS MARKET
XISA,"INTERNATIONAL SECURITIES EXCHANGE, LLC -  ALTERNATIVE MARKETS"
XISE,"INTERNATIONAL SECURITIES EXCHANGE, LLC - EQUITIES"
XISX,"INTERNATIONAL SECURITIES EXCHANGE, LLC"
XKBT,KANSAS CITY BOARD OF TRADE
XMER,MERCHANTS' EXCHANGE
XMGE,MINNEAPOLIS GRAIN EXCHANGE
XMIO,MIAMI INTERNATIONAL SECURITIES EXCHANGE
XNAS,NASDAQ - ALL MARKETS
XNCM,NASDAQ CAPITAL MARKET
XNDQ,NASDAQ OPTIONS MARKET
XNFI,NASDAQ FIXED INCOME TRADING
XNGS,NASDAQ/NGS (GLOBAL SELECT MARKET)
XNIM,NASDAQ INTERMARKET
XNLI,NYSE LIFFE
XNMS,NASDAQ/NMS (GLOBAL MARKET)
XNYE,NEW YORK MERCANTILE EXCHANGE - OTC MARKETS
XNYL,NEW YORK MERCANTILE EXCHANGE - ENERGY MARKETS
XNYM,NEW YORK MERCANTILE EXCHANGE
XNYS,"NEW YORK STOCK EXCHANGE, INC."
XPBT,NASDAQ OMX FUTURES EXCHANGE
XPHL,NASDAQ OMX PHLX
XPHO,PHILADELPHIA OPTIONS EXCHANGE
XPOR,PORTAL
XPSX,NASDAQ OMX PSX
XPUS,"XP INVESTMENTS US, LLC"
XSEF,"SWAPEX, LLC"
XSTM,FIDELITY CROSSSTREAM ATS
XTRD,XTRD
XTXD,XTX DIRECT
YKNA,"COMHAR CAPITAL MARKETS, LLC - US EQUITIES"
ZERO,ZERO HASH
BVUR,BOLSA ELECTRONICA DE VALORES DEL URUGUAY
UFEX,UFEX
XMNT,BOLSA DE VALORES DE MONTEVIDEO
XCET,UZBEK COMMODITY EXCHANGE
XCUE,UZBEKISTAN REPUBLICAN CURRENCY EXCHANGE
XKCE,KHOREZM INTERREGION COMMODITY EXCHANGE
XSTE,REPUBLICAN STOCK EXCHANGE
XUNI,UNIVERSAL BROKER'S EXCHANGE 'TASHKENT'
GXMA,GX MARKETCENTER
POTC,PACIFIC OTC
BVCA,CARACAS STOCK EXCHANGE
HSTC,HANOI STOCK EXCHANGE
XHNF,HANOI STOCK EXCHANGE - DERIVATIVES
XHNX,HANOI STOCK EXCHANGE (UNLISTED PUBLIC COMPANY TRADING PLATFORM)
XSTC,HOCHIMINH STOCK EXCHANGE
XLUS,LUSAKA STOCK EXCHANGE
VFEX,VICTORIA FALLS STOCK EXCHANGE
XZIM,ZIMBABWE STOCK EXCHANGE
BILT,OFF-EXCHANGE TRANSACTIONS - LISTED AND UNLISTED INSTRUMENTS
XOFF,OFF-EXCHANGE TRANSACTIONS - LISTED INSTRUMENTS
XXXX,NO MARKET (E.G. UNLISTED)