trail,model,view
alt.covid.global_cases,alt_covid_model.get_global_cases,
alt.covid.global_deaths,alt_covid_model.get_global_deaths,
alt.covid.ov,alt_covid_model.get_covid_ov,alt_covid_view.display_covid_ov
alt.covid.slopes,alt_covid_model.get_case_slopes,alt_covid_view.display_case_slopes
alt.covid.stat,alt_covid_model.get_covid_stat,alt_covid_view.display_covid_stat
alt.hn,alt_hackernews_model.get_stories,alt_hackernews_view.display_stories
alt.oss._make_request,alt_oss_runa_model._make_request,
alt.oss._retry_session,alt_oss_runa_model._retry_session,
alt.oss.github_data,alt_oss_github_model.get_github_data,
alt.oss.history,alt_oss_github_model.get_stars_history,alt_oss_github_view.display_star_history
alt.oss.ross,alt_oss_runa_model.get_startups,alt_oss_runa_view.display_rossindex
alt.oss.search,alt_oss_github_model.search_repos,
alt.oss.summary,alt_oss_github_model.get_repo_summary,alt_oss_github_view.display_repo_summary
alt.oss.top,alt_oss_github_model.get_top_repos,alt_oss_github_view.display_top_repos
alt.realestate.get_estate_sales,alt_realestate_landRegistry_model.get_estate_sales,
alt.realestate.get_region_stats,alt_realestate_landRegistry_model.get_region_stats,
alt.realestate.get_towns_sold_prices,alt_realestate_landRegistry_model.get_towns_sold_prices,
crypto.candle,crypto_helpers.plot_candles,
crypto.chart,crypto_helpers.plot_chart,
crypto.dd.active,crypto_dd_glassnode_model.get_active_addresses,crypto_dd_glassnode_view.display_active_addresses
crypto.dd.all_binance_trading_pairs,crypto_dd_binance_model.get_all_binance_trading_pairs,
crypto.dd.ath,crypto_dd_sdk_helper.ath,
crypto.dd.atl,crypto_dd_sdk_helper.atl,
crypto.dd.balance,crypto_dd_binance_view.get_balance,crypto_dd_binance_view.display_balance
crypto.dd.basic,crypto_dd_coinpaprika_model.basic_coin_info,crypto_dd_coinpaprika_view.display_basic
crypto.dd.binance_available_quotes_for_each_coin,crypto_dd_binance_model.get_binance_available_quotes_for_each_coin,
crypto.dd.candle,crypto_dd_coinbase_model.get_candles,
crypto.dd.change,crypto_dd_glassnode_model.get_exchange_net_position_change,crypto_dd_glassnode_view.display_exchange_net_position_change
crypto.dd.check_valid_binance_str,crypto_dd_binance_model.check_valid_binance_str,
crypto.dd.close,crypto_dd_glassnode_model.get_close_price,
crypto.dd.coin,crypto_dd_coinpaprika_model.get_coin,
crypto.dd.coin_market_chart,crypto_dd_pycoingecko_model.get_coin_market_chart,
crypto.dd.dev,crypto_dd_sdk_helper.dev_stats,
crypto.dd.eb,crypto_dd_glassnode_model.get_exchange_balances,crypto_dd_glassnode_view.display_exchange_balances
crypto.dd.events,crypto_dd_coinpaprika_model.get_coin_events_by_id,crypto_dd_coinpaprika_view.display_events
crypto.dd.ex,crypto_dd_coinpaprika_model.get_coin_exchanges_by_id,crypto_dd_coinpaprika_view.display_exchanges
crypto.dd.exchanges,crypto_dd_ccxt_model.get_exchanges,
crypto.dd.fr,crypto_dd_messari_model.get_fundraising,crypto_dd_messari_view.display_fundraising
crypto.dd.get_mt,crypto_dd_messari_model.get_available_timeseries,crypto_dd_messari_view.display_messari_timeseries_list
crypto.dd.gh,crypto_dd_santiment_model.get_github_activity,crypto_dd_santiment_view.display_github_activity
crypto.dd.gov,crypto_dd_messari_model.get_governance,crypto_dd_messari_view.display_governance
crypto.dd.headlines,stocks_ba_finbrain_model.get_sentiment,crypto_dd_finbrain_view.display_crypto_sentiment_analysis
crypto.dd.inv,crypto_dd_messari_model.get_investors,crypto_dd_messari_view.display_investors
crypto.dd.links,crypto_dd_messari_model.get_links,crypto_dd_messari_view.display_links
crypto.dd.mcapdom,crypto_dd_messari_model.get_marketcap_dominance,crypto_dd_messari_view.display_marketcap_dominance
crypto.dd.mkt,crypto_dd_coinpaprika_model.get_coin_markets_by_id,crypto_dd_coinpaprika_view.display_markets
crypto.dd.mt,crypto_dd_messari_model.get_messari_timeseries,crypto_dd_messari_view.display_messari_timeseries
crypto.dd.news,crypto_ov_cryptopanic_model.get_news,crypto_dd_cryptopanic_view.display_news
crypto.dd.nonzero,crypto_dd_glassnode_model.get_non_zero_addresses,crypto_dd_glassnode_view.display_non_zero_addresses
crypto.dd.ob,crypto_dd_ccxt_model.get_orderbook,crypto_dd_ccxt_view.display_order_book
crypto.dd.oi,crypto_dd_coinglass_model.get_open_interest_per_exchange,crypto_dd_coinglass_view.display_open_interest
crypto.dd.pi,crypto_dd_messari_model.get_project_product_info,crypto_dd_messari_view.display_project_info
crypto.dd.pr,crypto_dd_pycoingecko_model.get_coin_potential_returns,crypto_dd_pycoingecko_view.display_coin_potential_returns
crypto.dd.ps,crypto_dd_coinpaprika_model.get_tickers_info_for_coin,crypto_dd_coinpaprika_view.display_price_supply
crypto.dd.rm,crypto_dd_messari_model.get_roadmap,crypto_dd_messari_view.display_roadmap
crypto.dd.score,crypto_dd_sdk_helper.score,
crypto.dd.show_available_pairs_for_given_symbol,crypto_dd_coinbase_model.show_available_pairs_for_given_symbol,
crypto.dd.social,crypto_dd_sdk_helper.social,
crypto.dd.stats,crypto_dd_coinbase_model.get_product_stats,crypto_dd_coinbase_view.display_stats
crypto.dd.team,crypto_dd_messari_model.get_team,crypto_dd_messari_view.display_team
crypto.dd.tk,crypto_dd_messari_model.get_tokenomics,crypto_dd_messari_view.display_tokenomics
crypto.dd.tokenomics,crypto_dd_pycoingecko_model.get_coin_tokenomics,
crypto.dd.trades,crypto_dd_ccxt_model.get_trades,crypto_dd_ccxt_view.display_trades
crypto.dd.trading_pair_info,crypto_dd_coinbase_model.get_trading_pair_info,
crypto.dd.trading_pairs,crypto_dd_binance_model._get_trading_pairs,
crypto.dd.twitter,crypto_dd_coinpaprika_model.get_coin_twitter_timeline,crypto_dd_coinpaprika_view.display_twitter
crypto.defi.anchor_data,crypto_defi_cryptosaurio_model.get_anchor_data,crypto_defi_cryptosaurio_view.display_anchor_data
crypto.defi.aterra,crypto_defi_terraengineer_model.get_history_asset_from_terra_address,crypto_defi_terraengineer_view.display_terra_asset_history
crypto.defi.ayr,crypto_defi_terraengineer_model.get_anchor_yield_reserve,crypto_defi_terraengineer_view.display_anchor_yield_reserve
crypto.defi.dtvl,crypto_defi_llama_model.get_defi_protocol,crypto_defi_llama_view.display_historical_tvl
crypto.defi.gacc,crypto_defi_terramoney_fcd_model.get_account_growth,crypto_defi_terramoney_fcd_view.display_account_growth
crypto.defi.gdapps,crypto_defi_llama_model.get_grouped_defi_protocols,crypto_defi_llama_view.display_grouped_defi_protocols
crypto.defi.gov_proposals,crypto_defi_terramoney_fcd_model.get_proposals,crypto_defi_terramoney_fcd_view.display_gov_proposals
crypto.defi.ldapps,crypto_defi_llama_model.get_defi_protocols,crypto_defi_llama_view.display_defi_protocols
crypto.defi.luna_supply,crypto_defi_smartstake_model.get_luna_supply_stats,crypto_defi_smartstake_view.display_luna_circ_supply_change
crypto.defi.newsletters,crypto_defi_substack_model.get_newsletters,crypto_defi_substack_view.display_newsletters
crypto.defi.pairs,crypto_defi_graph_model.get_uniswap_pool_recently_added,crypto_defi_graph_view.display_recently_added
crypto.defi.pools,crypto_defi_graph_model.get_uni_pools_by_volume,crypto_defi_graph_view.display_uni_pools
crypto.defi.sinfo,crypto_defi_terramoney_fcd_model.get_staking_account_info,crypto_defi_terramoney_fcd_view.display_account_staking_info
crypto.defi.sratio,crypto_defi_terramoney_fcd_model.get_staking_ratio_history,crypto_defi_terramoney_fcd_view.display_staking_ratio_history
crypto.defi.sreturn,crypto_defi_terramoney_fcd_model.get_staking_returns_history,crypto_defi_terramoney_fcd_view.display_staking_returns_history
crypto.defi.stats,crypto_defi_graph_model.get_uniswap_stats,crypto_defi_graph_view.display_uni_stats
crypto.defi.stvl,crypto_defi_llama_model.get_defi_tvl,crypto_defi_llama_view.display_defi_tvl
crypto.defi.swaps,crypto_defi_graph_model.get_last_uni_swaps,crypto_defi_graph_view.display_last_uni_swaps
crypto.defi.tokens,crypto_defi_graph_model.get_uni_tokens,crypto_defi_graph_view.display_uni_tokens
crypto.defi.validators,crypto_defi_terramoney_fcd_model.get_validators,crypto_defi_terramoney_fcd_view.display_validators
crypto.defi.vaults,crypto_defi_coindix_model.get_defi_vaults,crypto_defi_coindix_view.display_defi_vaults
crypto.disc.categories_keys,crypto_disc_pycoingecko_model.get_categories_keys,
crypto.disc.coin_list,crypto_disc_pycoingecko_model.get_coin_list,
crypto.disc.coins,crypto_disc_pycoingecko_model.get_coins,crypto_disc_pycoingecko_view.display_coins
crypto.disc.coins_for_given_exchange,crypto_disc_pycoingecko_model.get_coins_for_given_exchange,
crypto.disc.cpsearch,crypto_disc_coinpaprika_model.get_search_results,crypto_disc_coinpaprika_view.display_search_results
crypto.disc.dapp_categories,crypto_disc_dappradar_model.get_dapp_categories,crypto_disc_dappradar_view.display_dapp_categories
crypto.disc.dapp_chains,crypto_disc_dappradar_model.get_dapp_chains,crypto_disc_dappradar_view.display_dapp_chains
crypto.disc.dapp_metrics,crypto_disc_dappradar_model.get_dapp_metrics,crypto_disc_dappradar_view.display_dapp_metrics
crypto.disc.dapps,crypto_disc_dappradar_model.get_dapps,crypto_disc_dappradar_view.display_dapps
crypto.disc.defi_chains,crypto_disc_dappradar_model.get_defi_chains,crypto_disc_dappradar_view.display_defi_chains
crypto.disc.fees,crypto_disc_cryptostats_model.get_fees,crypto_disc_cryptostats_view.display_fees
crypto.disc.gainers,crypto_disc_pycoingecko_model.get_gainers,crypto_disc_pycoingecko_view.display_gainers
crypto.disc.losers,crypto_disc_pycoingecko_model.get_losers,crypto_disc_pycoingecko_view.display_losers
crypto.disc.nft_mktp,crypto_disc_dappradar_model.get_nft_marketplaces,crypto_disc_dappradar_view.display_nft_marketplaces
crypto.disc.nft_mktp_chains,crypto_disc_dappradar_model.get_nft_marketplace_chains,crypto_disc_dappradar_view.display_nft_marketplace_chains
crypto.disc.tokens,crypto_disc_dappradar_model.get_token_chains,crypto_disc_dappradar_view.display_token_chains
crypto.disc.top_coins,crypto_disc_sdk_helpers.top_coins,
crypto.disc.trending,crypto_disc_pycoingecko_model.get_trending_coins,crypto_disc_pycoingecko_view.display_trending
crypto.find,crypto_models.find,
crypto.load,crypto_helpers.load,
crypto.nft.collections,crypto_nft_pricefloor_model.get_collections,crypto_nft_pricefloor_view.display_collections
crypto.nft.fp,crypto_nft_pricefloor_model.get_floor_price,crypto_nft_pricefloor_view.display_floor_price
crypto.nft.stats,crypto_nft_opensea_model.get_collection_stats,crypto_nft_opensea_view.display_collection_stats
crypto.onchain.baas,crypto_onchain_bitquery_model.get_spread_for_crypto_pair,crypto_onchain_bitquery_view.display_spread_for_crypto_pair
crypto.onchain.balance,crypto_onchain_ethplorer_model.get_address_info,crypto_onchain_ethplorer_view.display_address_info
crypto.onchain.btc_supply,crypto_onchain_blockchain_model.get_btc_circulating_supply,crypto_onchain_blockchain_view.display_btc_circulating_supply
crypto.onchain.btc_transac,crypto_onchain_blockchain_model.get_btc_confirmed_transactions,crypto_onchain_blockchain_view.display_btc_confirmed_transactions
crypto.onchain.btcsingleblock,crypto_onchain_blockchain_model.get_btc_single_block,crypto_onchain_blockchain_view.display_btc_single_block
crypto.onchain.dex_trades_monthly,crypto_onchain_bitquery_model.get_dex_trades_monthly,
crypto.onchain.dvcp,crypto_onchain_bitquery_model.get_daily_dex_volume_for_given_pair,crypto_onchain_bitquery_view.display_daily_volume_for_given_pair
crypto.onchain.erc20_tokens,crypto_onchain_bitquery_model.get_erc20_tokens,
crypto.onchain.gwei,crypto_onchain_ethgasstation_model.get_gwei_fees,crypto_onchain_ethgasstation_view.display_gwei_fees
crypto.onchain.hist,crypto_onchain_ethplorer_model.get_address_history,crypto_onchain_ethplorer_view.display_address_history
crypto.onchain.holders,crypto_onchain_ethplorer_model.get_top_token_holders,crypto_onchain_ethplorer_view.display_top_token_holders
crypto.onchain.hr,crypto_dd_glassnode_model.get_hashrate,crypto_dd_glassnode_view.display_hashrate
crypto.onchain.info,crypto_onchain_ethplorer_model.get_token_info,crypto_onchain_ethplorer_view.display_token_info
crypto.onchain.lt,crypto_onchain_bitquery_model.get_dex_trades_by_exchange,crypto_onchain_bitquery_view.display_dex_trades
crypto.onchain.prices,crypto_onchain_ethplorer_model.get_token_historical_price,crypto_onchain_ethplorer_view.display_token_historical_prices
crypto.onchain.query,crypto_onchain_shroom_model.get_query_data,crypto_onchain_shroom_view.display_query
crypto.onchain.query_graph,crypto_onchain_bitquery_model.query_graph,
crypto.onchain.th,crypto_onchain_ethplorer_model.get_token_history,crypto_onchain_ethplorer_view.display_token_history
crypto.onchain.token_decimals,crypto_onchain_ethplorer_model.get_token_decimals,
crypto.onchain.top,crypto_onchain_ethplorer_model.get_top_tokens,crypto_onchain_ethplorer_view.display_top_tokens
crypto.onchain.topledger,crypto_onchain_topledger_model.get_topledger_data,crypto_onchain_topledger_view.display_topledger_data
crypto.onchain.ttcp,crypto_onchain_bitquery_model.get_most_traded_pairs,crypto_onchain_bitquery_view.display_most_traded_pairs
crypto.onchain.tv,crypto_onchain_bitquery_model.get_token_volume_on_dexes,crypto_onchain_bitquery_view.display_dex_volume_for_token
crypto.onchain.tx,crypto_onchain_ethplorer_model.get_tx_info,crypto_onchain_ethplorer_view.display_tx_info
crypto.onchain.ueat,crypto_onchain_bitquery_model.get_ethereum_unique_senders,crypto_onchain_bitquery_view.display_ethereum_unique_senders
crypto.onchain.whales,crypto_onchain_whale_alert_model.get_whales_transactions,crypto_onchain_whale_alert_view.display_whales_transactions
crypto.ov.altindex,crypto_ov_blockchaincenter_model.get_altcoin_index,crypto_ov_blockchaincenter_view.display_altcoin_index
crypto.ov.btcrb,crypto_ov_glassnode_model.get_btc_rainbow,crypto_ov_glassnode_view.display_btc_rainbow
crypto.ov.categories,crypto_ov_pycoingecko_model.get_top_crypto_categories,crypto_ov_pycoingecko_view.display_categories
crypto.ov.cbpairs,crypto_ov_coinbase_model.get_trading_pairs,crypto_ov_coinbase_view.display_trading_pairs
crypto.ov.coin_list,crypto_dd_coinpaprika_model.get_coin_list,
crypto.ov.contracts,crypto_ov_coinpaprika_model.get_contract_platform,crypto_ov_coinpaprika_view.display_contracts
crypto.ov.cr,crypto_ov_loanscan_model.get_rates,crypto_ov_loanscan_view.display_crypto_rates
crypto.ov.crypto_hack,crypto_ov_rekt_model.get_crypto_hack,
crypto.ov.crypto_hack_slugs,crypto_ov_rekt_model.get_crypto_hack_slugs,
crypto.ov.crypto_hacks,crypto_ov_rekt_model.get_crypto_hacks,crypto_ov_rekt_view.display_crypto_hacks
crypto.ov.defi,crypto_ov_pycoingecko_model.get_global_defi_info,crypto_ov_pycoingecko_view.display_global_defi_info
crypto.ov.derivatives,crypto_ov_pycoingecko_model.get_derivatives,crypto_ov_pycoingecko_view.display_derivatives
crypto.ov.ewf,crypto_ov_withdrawalfees_model.get_overall_exchange_withdrawal_fees,crypto_ov_withdrawalfees_view.display_overall_exchange_withdrawal_fees
crypto.ov.exchanges,crypto_ov_sdk_helpers.exchanges,
crypto.ov.exmarkets,crypto_ov_coinpaprika_model.get_exchanges_market,crypto_ov_coinpaprika_view.display_exchange_markets
crypto.ov.exrates,crypto_ov_pycoingecko_model.get_exchange_rates,crypto_ov_pycoingecko_view.display_exchange_rates
crypto.ov.globe,crypto_ov_sdk_helpers.globe,
crypto.ov.hm,crypto_disc_pycoingecko_model.get_coins,crypto_ov_pycoingecko_view.display_crypto_heatmap
crypto.ov.hold,crypto_ov_pycoingecko_model.get_holdings_overview,crypto_ov_pycoingecko_view.display_holdings_overview
crypto.ov.indexes,crypto_ov_pycoingecko_model.get_indexes,crypto_ov_pycoingecko_view.display_indexes
crypto.ov.info,crypto_ov_coinpaprika_model.get_coins_info,crypto_ov_coinpaprika_view.display_all_coins_info
crypto.ov.markets,crypto_ov_coinpaprika_model.get_coins_market_info,crypto_ov_coinpaprika_view.display_all_coins_market_info
crypto.ov.news,crypto_ov_cryptopanic_model.get_news,crypto_ov_cryptopanic_view.display_news
crypto.ov.platforms,crypto_ov_coinpaprika_model.get_all_contract_platforms,crypto_ov_coinpaprika_view.display_all_platforms
crypto.ov.products,crypto_ov_pycoingecko_model.get_finance_products,crypto_ov_pycoingecko_view.display_products
crypto.ov.stables,crypto_ov_pycoingecko_model.get_stable_coins,crypto_ov_pycoingecko_view.display_stablecoins
crypto.ov.wf,crypto_ov_withdrawalfees_model.get_overall_withdrawal_fees,crypto_ov_withdrawalfees_view.display_overall_withdrawal_fees
crypto.ov.wfpe,crypto_ov_withdrawalfees_model.get_crypto_withdrawal_fees,crypto_ov_withdrawalfees_view.display_crypto_withdrawal_fees
crypto.price,crypto_pyth_model.get_price,
crypto.tools.apy,crypto_tools_model.calculate_apy,crypto_tools_view.display_apy
crypto.tools.il,crypto_tools_model.calculate_il,crypto_tools_view.display_il
econometrics.bgod,econometrics_regression_model.get_bgod,econometrics_regression_view.display_bgod
econometrics.bols,econometrics_regression_model.get_bols,
econometrics.bpag,econometrics_regression_model.get_bpag,econometrics_regression_view.display_bpag
econometrics.clean,econometrics_model.clean,
econometrics.coint,econometrics_model.get_coint_df,econometrics_view.display_cointegration_test
econometrics.comparison,econometrics_regression_model.get_comparison,
econometrics.dwat,econometrics_regression_model.get_dwat,econometrics_regression_view.display_dwat
econometrics.fdols,econometrics_regression_model.get_fdols,
econometrics.fe,econometrics_regression_model.get_fe,
econometrics.garch,econometrics_model.get_garch,econometrics_view.display_garch
econometrics.get_regression_data,econometrics_regression_model.get_regression_data,
econometrics.granger,econometrics_model.get_granger_causality,econometrics_view.display_granger
econometrics.load,common_model.load,
econometrics.norm,econometrics_model.get_normality,econometrics_view.display_norm
econometrics.ols,econometrics_regression_model.get_ols,
econometrics.options,econometrics_model.get_options,econometrics_view.show_options
econometrics.panel,econometrics_regression_model.get_regressions_results,econometrics_regression_view.display_panel
econometrics.pols,econometrics_regression_model.get_pols,
econometrics.re,econometrics_regression_model.get_re,
econometrics.root,econometrics_model.get_root,econometrics_view.display_root
econometrics.vif,econometrics_model.get_vif,
economy.available_indices,economy_yfinance_model.get_available_indices,
economy.balance,economy_oecd_model.get_balance,economy_oecd_view.plot_balance
economy.bigmac,economy_nasdaq_model.get_big_mac_indices,economy_nasdaq_view.display_big_mac_index
economy.ccpi,economy_oecd_model.get_cpi,economy_oecd_view.plot_cpi
economy.country_codes,economy_nasdaq_model.get_country_codes,
economy.cpi,economy_fred_model.get_cpi,economy_fred_view.plot_cpi
economy.currencies,economy_wsj_model.global_currencies,
economy.debt,economy_oecd_model.get_debt,economy_oecd_view.plot_debt
economy.events,economy_nasdaq_model.get_economic_calendar,
economy.fgdp,economy_oecd_model.get_gdp_forecast,economy_oecd_view.plot_gdp_forecast
economy.fred,economy_fred_model.get_aggregated_series_data,economy_fred_view.display_fred_series
economy.fred_notes,economy_fred_model.get_series_notes,
economy.future,economy_finviz_model.get_futures,
economy.futures,economy_sdk_helpers.futures,
economy.gdp,economy_oecd_model.get_gdp,economy_oecd_view.plot_gdp
economy.get_groups,economy_finviz_model.get_groups,
economy.glbonds,economy_wsj_model.global_bonds,
economy.index,economy_yfinance_model.get_indices,economy_yfinance_view.show_indices
economy.indices,economy_wsj_model.us_indices,
economy.macro,economy_econdb_model.get_aggregated_macro_data,economy_econdb_view.show_macro_data
economy.macro_countries,economy_econdb_model.get_macro_countries,
economy.macro_parameters,economy_econdb_model.get_macro_parameters,
economy.overview,economy_wsj_model.market_overview,
economy.perfmap,economy_finviz_model.get_performance_map,
economy.performance,economy_finviz_model.get_performance_data,
economy.revenue,economy_oecd_model.get_revenue,economy_oecd_view.plot_revenue
economy.rgdp,economy_oecd_model.get_real_gdp,economy_oecd_view.plot_real_gdp
economy.search_index,economy_yfinance_model.get_search_indices,
economy.spending,economy_oecd_model.get_spending,economy_oecd_view.plot_spending
economy.treasury,economy_fedreserve_model.get_treasury_rates,economy_fedreserve_view.show_treasuries
economy.trust,economy_oecd_model.get_trust,economy_oecd_view.plot_trust
economy.usbonds,economy_wsj_model.us_bonds,
economy.usdli,economy_fred_model.get_usd_liquidity,economy_fred_view.display_usd_liquidity
economy.valuation,economy_finviz_model.get_valuation_data,
etf.candle,stocks_helper.display_candle,
etf.compare,etf_stockanalysis_model.compare_etfs,
etf.disc.mover,etf_disc_wsj_model.etf_movers,
etf.etf_by_category,etf_financedatabase_model.get_etfs_by_category,
etf.etf_by_name,etf_stockanalysis_model.get_etfs_by_name,
etf.holdings,etf_stockanalysis_model.get_etf_holdings,
etf.ld,etf_financedatabase_model.get_etfs_by_description,
etf.ln,etf_financedatabase_model.get_etfs_by_name,
etf.load,stocks_helper.load,
etf.news,common_newsapi_model.get_news,common_newsapi_view.display_news
etf.overview,etf_stockanalysis_model.get_etf_overview,
etf.symbols,etf_stockanalysis_model.get_all_names_symbols,
etf.weights,etf_fmp_model.get_etf_sector_weightings,
fixedincome.ameribor,fixedincome_fred_model.get_ameribor,
fixedincome.cp,fixedincome_fred_model.get_cp,
fixedincome.dwpcr,fixedincome_fred_model.get_dwpcr,
fixedincome.ecb,fixedincome_fred_model.get_ecb,
fixedincome.ecbycrv,fixedincome_ecb_model.get_ecb_yield_curve,
fixedincome.estr,fixedincome_fred_model.get_estr,
fixedincome.fed,fixedincome_fred_model.get_fed,
fixedincome.ffrmc,fixedincome_fred_model.get_ffrmc,
fixedincome.hqm,fixedincome_fred_model.get_hqm,
fixedincome.icebofa,fixedincome_fred_model.get_icebofa,
fixedincome.icespread,fixedincome_fred_model.get_icespread,
fixedincome.iorb,fixedincome_fred_model.get_iorb,
fixedincome.moody,fixedincome_fred_model.get_moody,
fixedincome.projection,fixedincome_fred_model.get_projection,
fixedincome.sofr,fixedincome_fred_model.get_sofr,
fixedincome.sonia,fixedincome_fred_model.get_sonia,
fixedincome.spot,fixedincome_fred_model.get_spot,
fixedincome.tbffr,fixedincome_fred_model.get_tbffr,
fixedincome.tmc,fixedincome_fred_model.get_tmc,
fixedincome.treasury,fixedincome_oecd_model.get_treasury,
fixedincome.usrates,fixedincome_fred_model.get_usrates,
fixedincome.ycrv,fixedincome_fred_model.get_yield_curve,fixedincome_fred_view.display_yield_curve
forex.candle,forex_helper.display_candle,
forex.fwd,forex_fxempire_model.get_forward_rates,
forex.get_currency_list,forex_av_model.get_currency_list,
forex.load,forex_helper.load,
forex.oanda.calendar,forex_oanda_model.get_calendar_request,forex_oanda_view.calendar
forex.oanda.cancel,forex_oanda_model.cancel_pending_order_request,forex_oanda_view.cancel_pending_order
forex.oanda.candles,forex_oanda_model.get_candles_dataframe,forex_oanda_view.show_candles
forex.oanda.close,forex_oanda_model.close_trades_request,forex_oanda_view.close_trade
forex.oanda.listorders,forex_oanda_model.order_history_request,forex_oanda_view.list_orders
forex.oanda.openpositions,forex_oanda_model.open_positions_request,forex_oanda_view.get_open_positions
forex.oanda.opentrades,forex_oanda_model.open_trades_request,forex_oanda_view.get_open_trades
forex.oanda.order,forex_oanda_model.create_order_request,forex_oanda_view.create_order
forex.oanda.orderbook,forex_oanda_model.orderbook_plot_data_request,forex_oanda_view.get_order_book
forex.oanda.pending,forex_oanda_model.pending_orders_request,forex_oanda_view.get_pending_orders
forex.oanda.positionbook,forex_oanda_model.positionbook_plot_data_request,forex_oanda_view.get_position_book
forex.oanda.price,forex_oanda_model.fx_price_request,forex_oanda_view.get_fx_price
forex.oanda.summary,forex_oanda_model.account_summary_request,forex_oanda_view.get_account_summary
forex.quote,forex_sdk_helpers.quote,
funds.carbon,funds_mstarpy_model.load_carbon_metrics,
funds.exclusion,funds_mstarpy_model.load_exclusion_policy,
funds.historical,funds_mstarpy_model.get_historical,funds_mstarpy_view.display_historical
funds.holdings,funds_mstarpy_model.load_holdings,
funds.load,funds_mstarpy_model.load_funds,
funds.search,funds_mstarpy_model.search_funds,
funds.sector,funds_mstarpy_model.get_sector,funds_mstarpy_view.display_sector
futures.curve,futures_yfinance_model.get_curve_futures,futures_yfinance_view.display_curve
futures.historical,futures_sdk_model.get_historical,futures_yfinance_view.display_historical
futures.search,futures_yfinance_model.get_search_futures,
keys.av,keys_model.set_av_key,
keys.binance,keys_model.set_binance_key,
keys.bitquery,keys_model.set_bitquery_key,
keys.biztoc,keys_model.set_biztoc_key,
keys.cmc,keys_model.set_cmc_key,
keys.coinbase,keys_model.set_coinbase_key,
keys.coinglass,keys_model.set_coinglass_key,
keys.cpanic,keys_model.set_cpanic_key,
keys.databento,keys_model.set_databento_key,
keys.degiro,keys_model.set_degiro_key,
keys.eodhd,keys_model.set_eodhd_key,
keys.ethplorer,keys_model.set_ethplorer_key,
keys.finnhub,keys_model.set_finnhub_key,
keys.fmp,keys_model.set_fmp_key,
keys.fred,keys_model.set_fred_key,
keys.get_keys_info,keys_model.get_keys_info,
keys.github,keys_model.set_github_key,
keys.glassnode,keys_model.set_glassnode_key,
keys.messari,keys_model.set_messari_key,
keys.mykeys,keys_model.get_keys,
keys.news,keys_model.set_news_key,
keys.oanda,keys_model.set_oanda_key,
keys.polygon,keys_model.set_polygon_key,
keys.quandl,keys_model.set_quandl_key,
keys.reddit,keys_model.set_reddit_key,
keys.rh,keys_model.set_rh_key,
keys.santiment,keys_model.set_santiment_key,
keys.set_keys,keys_model.set_keys,
keys.shroom,keys_model.set_shroom_key,
keys.smartstake,keys_model.set_smartstake_key,
keys.stocksera,keys_model.set_stocksera_key,
keys.tokenterminal,keys_model.set_tokenterminal_key,
keys.tradier,keys_model.set_tradier_key,
keys.twitter,keys_model.set_twitter_key,
keys.ultima,keys_model.set_ultima_key,
keys.walert,keys_model.set_walert_key,
login,sdk_session.login,
logout,sdk_session.logout,
news,common_news_sdk_helper.news,
portfolio.alloc.assets,portfolio_model.get_assets_allocation,
portfolio.alloc.countries,portfolio_model.get_countries_allocation,
portfolio.alloc.regions,portfolio_model.get_regions_allocation,
portfolio.alloc.sectors,portfolio_model.get_sectors_allocation,
portfolio.bench,portfolio_model.set_benchmark,
portfolio.distr,portfolio_model.get_distribution_returns,portfolio_view.display_distribution_returns
portfolio.dret,portfolio_model.get_daily_returns,portfolio_view.display_daily_returns
portfolio.es,portfolio_model.get_es,
portfolio.holdp,portfolio_model.get_holdings_percentage,portfolio_view.display_holdings_percentage
portfolio.holdv,portfolio_model.get_holdings_value,portfolio_view.display_holdings_value
portfolio.load,portfolio_model.generate_portfolio,
portfolio.maxdd,portfolio_model.get_maximum_drawdown,portfolio_view.display_maximum_drawdown
portfolio.metric.calmar,portfolio_model.get_calmar_ratio,
portfolio.metric.commonsense,portfolio_model.get_common_sense_ratio,
portfolio.metric.gaintopain,portfolio_model.get_gaintopain_ratio,
portfolio.metric.information,portfolio_model.get_information_ratio,
portfolio.metric.jensens,portfolio_model.get_jensens_alpha,
portfolio.metric.kelly,portfolio_model.get_kelly_criterion,
portfolio.metric.kurtosis,portfolio_model.get_kurtosis,
portfolio.metric.maxdrawdown,portfolio_model.get_maximum_drawdown_ratio,
portfolio.metric.payoff,portfolio_model.get_payoff_ratio,
portfolio.metric.profitfactor,portfolio_model.get_profit_factor,
portfolio.metric.rsquare,portfolio_model.get_r2_score,
portfolio.metric.sharpe,portfolio_model.get_sharpe_ratio,
portfolio.metric.skew,portfolio_model.get_skewness,
portfolio.metric.sortino,portfolio_model.get_sortino_ratio,
portfolio.metric.tail,portfolio_model.get_tail_ratio,
portfolio.metric.trackerr,portfolio_model.get_tracking_error,
portfolio.metric.volatility,portfolio_model.get_volatility,
portfolio.mret,portfolio_model.get_monthly_returns,portfolio_view.display_monthly_returns
portfolio.om,portfolio_model.get_omega,portfolio_view.display_omega
portfolio.perf,portfolio_model.get_performance_vs_benchmark,
portfolio.rbeta,portfolio_model.get_rolling_beta,portfolio_view.display_rolling_beta
portfolio.rsharpe,portfolio_model.get_rolling_sharpe,portfolio_view.display_rolling_sharpe
portfolio.rsort,portfolio_model.get_rolling_sortino,portfolio_view.display_rolling_sortino
portfolio.rvol,portfolio_model.get_rolling_volatility,portfolio_view.display_rolling_volatility
portfolio.show,portfolio_model.get_transactions,
portfolio.summary,portfolio_model.get_summary,
portfolio.var,portfolio_model.get_var,
portfolio.yret,portfolio_model.get_yearly_returns,portfolio_view.display_yearly_returns
qa.acf,common_qa_view.display_acf,
qa.bw,common_qa_view.display_bw,
qa.calculate_adjusted_var,common_qa_model.calculate_adjusted_var,
qa.cdf,common_qa_view.display_cdf,
qa.cusum,common_qa_view.display_cusum,
qa.decompose,common_qa_model.get_seasonal_decomposition,
qa.es,common_qa_model.get_es,common_qa_view.display_es
qa.hist,common_qa_view.display_hist,
qa.kurtosis,common_qa_rolling_model.get_kurtosis,common_qa_rolling_view.display_kurtosis
qa.line,common_qa_view.display_line,
qa.normality,common_qa_model.get_normality,common_qa_view.display_normality
qa.omega,common_qa_model.get_omega,common_qa_view.display_omega
qa.qqplot,common_qa_view.display_qqplot,
qa.quantile,common_qa_rolling_model.get_quantile,common_qa_rolling_view.display_quantile
qa.rolling,common_qa_rolling_model.get_rolling_avg,common_qa_rolling_view.display_mean_std
qa.sharpe,common_qa_model.get_sharpe,common_qa_view.display_sharpe
qa.skew,common_qa_rolling_model.get_skew,common_qa_rolling_view.display_skew
qa.sortino,common_qa_model.get_sortino,common_qa_view.display_sortino
qa.spread,common_qa_rolling_model.get_spread,common_qa_rolling_view.display_spread
qa.summary,common_qa_model.get_summary,common_qa_view.display_summary
qa.unitroot,common_qa_model.get_unitroot,common_qa_view.display_unitroot
qa.var,common_qa_model.get_var,common_qa_view.display_var
stocks.ba.bullbear,stocks_ba_stocktwits_model.get_bullbear,
stocks.ba.cnews,stocks_ba_finnhub_model.get_company_news,
stocks.ba.getdd,stocks_ba_reddit_model.get_due_dilligence,
stocks.ba.headlines,stocks_ba_finbrain_model.get_sentiment,stocks_ba_finbrain_view.display_sentiment_analysis
stocks.ba.infer,stocks_ba_twitter_model.load_analyze_tweets,stocks_ba_twitter_view.display_inference
stocks.ba.mentions,stocks_ba_google_model.get_mentions,stocks_ba_google_view.display_mentions
stocks.ba.messages,stocks_ba_stocktwits_model.get_messages,
stocks.ba.ns,stocks_ba_news_sentiment_model.get_data,stocks_ba_news_sentiment_view.display_articles_data
stocks.ba.popular,stocks_ba_reddit_model.get_popular_tickers,
stocks.ba.queries,stocks_ba_google_model.get_queries,
stocks.ba.redditsent,stocks_ba_reddit_model.get_posts_about,
stocks.ba.regions,stocks_ba_google_model.get_regions,stocks_ba_google_view.display_regions
stocks.ba.rise,stocks_ba_google_model.get_rise,
stocks.ba.sentiment,stocks_ba_twitter_model.get_sentiment,stocks_ba_twitter_view.display_sentiment
stocks.ba.snews,stocks_ba_finnhub_model.get_headlines_sentiment,stocks_ba_finnhub_view.display_stock_price_headlines_sentiment
stocks.ba.spacc,stocks_ba_reddit_model.get_spac_community,
stocks.ba.stalker,stocks_ba_stocktwits_model.get_stalker,
stocks.ba.text_sent,stocks_ba_reddit_model.get_sentiment,
stocks.ba.trending,stocks_ba_stocktwits_model.get_trending,
stocks.ba.wsb,stocks_ba_reddit_model.get_wsb_community,
stocks.ca.balance,stocks_ca_marketwatch_model.get_balance_comparison,
stocks.ca.cashflow,stocks_ca_marketwatch_model.get_cashflow_comparison,
stocks.ca.hcorr,stocks_ca_yahoo_finance_model.get_correlation,stocks_ca_yahoo_finance_view.display_correlation
stocks.ca.hist,stocks_ca_yahoo_finance_model.get_historical,stocks_ca_yahoo_finance_view.display_historical
stocks.ca.income,stocks_ca_marketwatch_model.get_income_comparison,stocks_ca_marketwatch_view.display_income_comparison
stocks.ca.scorr,stocks_ca_finbrain_model.get_sentiment_correlation,stocks_ca_finbrain_view.display_sentiment_correlation
stocks.ca.screener,stocks_ca_finviz_compare_model.get_comparison_data,
stocks.ca.sentiment,stocks_ca_finbrain_model.get_sentiments,stocks_ca_finbrain_view.display_sentiment_compare
stocks.ca.similar,stocks_ca_sdk_helpers.get_similar,
stocks.ca.volume,stocks_ca_yahoo_finance_model.get_volume,stocks_ca_yahoo_finance_view.display_volume
stocks.candle,stocks_helper.display_candle,
stocks.disc.active,stocks_disc_yahoofinance_model.get_active,
stocks.disc.arkord,stocks_disc_ark_model.get_ark_orders,
stocks.disc.asc,stocks_disc_yahoofinance_model.get_asc,
stocks.disc.dividends,stocks_disc_nasdaq_model.get_dividend_cal,
stocks.disc.filings,stocks_fa_fmp_model.get_filings,stocks_disc_fmp_view.display_filings
stocks.disc.fipo,stocks_disc_finnhub_model.get_future_ipo,
stocks.disc.gainers,stocks_disc_yahoofinance_model.get_gainers,
stocks.disc.gtech,stocks_disc_yahoofinance_model.get_gtech,
stocks.disc.hotpenny,stocks_disc_shortinterest_model.get_today_hot_penny_stocks,
stocks.disc.ipo,stocks_disc_finnhub_model.get_ipo_calendar,
stocks.disc.losers,stocks_disc_yahoofinance_model.get_losers,
stocks.disc.lowfloat,stocks_disc_shortinterest_model.get_low_float,
stocks.disc.pipo,stocks_disc_finnhub_model.get_past_ipo,
stocks.disc.rtat,stocks_disc_nasdaq_model.get_retail_tickers,
stocks.disc.trending,stocks_disc_seeking_alpha_model.get_trending_list,
stocks.disc.ugs,stocks_disc_yahoofinance_model.get_ugs,
stocks.disc.ulc,stocks_disc_yahoofinance_model.get_ulc,
stocks.disc.upcoming,stocks_disc_seeking_alpha_model.get_next_earnings,
stocks.dps.ctb,stocks_dps_ibkr_model.get_cost_to_borrow,
stocks.dps.dpotc,stocks_dps_finra_model.getTickerFINRAdata,stocks_dps_finra_view.darkpool_ats_otc
stocks.dps.ftd,stocks_dps_sec_model.get_fails_to_deliver,stocks_dps_sec_view.fails_to_deliver
stocks.dps.hsi,stocks_dps_shortinterest_model.get_high_short_interest,
stocks.dps.pos,stocks_dps_stockgrid_model.get_dark_pool_short_positions,
stocks.dps.prom,stocks_dps_finra_model.getATSdata,stocks_dps_finra_view.darkpool_otc
stocks.dps.psi_q,stocks_dps_quandl_model.get_short_interest,stocks_dps_quandl_view.short_interest
stocks.dps.psi_sg,stocks_dps_stockgrid_model.get_short_interest_volume,stocks_dps_stockgrid_view.short_interest_volume
stocks.dps.shorted,stocks_dps_yahoofinance_model.get_most_shorted,
stocks.dps.sidtc,stocks_dps_stockgrid_model.get_short_interest_days_to_cover,
stocks.dps.spos,stocks_dps_stockgrid_model.get_net_short_position,stocks_dps_stockgrid_view.net_short_position
stocks.fa.analysis,stocks_fa_eclect_us_model.get_filings_analysis,
stocks.fa.analyst,stocks_fa_finviz_model.get_analyst_data,
stocks.fa.balance,stocks_fa_sdk_helpers.get_balance_sheet,
stocks.fa.cal,stocks_fa_yahoo_finance_model.get_calendar_earnings,
stocks.fa.cash,stocks_fa_sdk_helpers.get_cash_flow,
stocks.fa.customer,stocks_fa_csimarket_model.get_customers,
stocks.fa.dcf,stocks_fa_fmp_model.get_dcf,
stocks.fa.dcfc,stocks_fa_fmp_model.get_dcf,
stocks.fa.divs,stocks_fa_yahoo_finance_model.get_dividends,stocks_fa_yahoo_finance_view.display_dividends
stocks.fa.dupont,stocks_fa_av_model.get_dupont,
stocks.fa.earnings,stocks_fa_sdk_helpers.earnings,
stocks.fa.enterprise,stocks_fa_fmp_model.get_enterprise,
stocks.fa.epsfc,stocks_fa_seeking_alpha_model.get_estimates_eps,
stocks.fa.est,stocks_fa_business_insider_model.get_estimates,
stocks.fa.fama_coe,stocks_fa_dcf_model.get_fama_coe,
stocks.fa.fama_raw,stocks_fa_dcf_model.get_fama_raw,
stocks.fa.fraud,stocks_fa_av_model.get_fraud_ratios,
stocks.fa.growth,stocks_fa_fmp_model.get_financial_growth,
stocks.fa.historical_5,stocks_fa_dcf_model.get_historical_5,
stocks.fa.income,stocks_fa_sdk_helpers.get_income_statement,
stocks.fa.key,stocks_fa_av_model.get_key_metrics,
stocks.fa.metrics,stocks_fa_fmp_model.get_key_metrics,
stocks.fa.mgmt,stocks_fa_business_insider_model.get_management,
stocks.fa.mktcap,stocks_fa_yahoo_finance_model.get_mktcap,stocks_fa_yahoo_finance_view.display_mktcap
stocks.fa.news,stocks_fa_finviz_model.get_news,
stocks.fa.overview,stocks_fa_sdk_helpers.get_overview,
stocks.fa.pt,stocks_fa_business_insider_model.get_price_target_from_analysts,stocks_fa_business_insider_view.display_price_target_from_analysts
stocks.fa.rating,stocks_fa_fmp_model.get_rating,
stocks.fa.ratios,stocks_fa_fmp_model.get_key_ratios,
stocks.fa.revfc,stocks_fa_seeking_alpha_model.get_estimates_rev,
stocks.fa.rot,stocks_fa_finnhub_model.get_rating_over_time,stocks_fa_finnhub_view.rating_over_time
stocks.fa.score,stocks_fa_fmp_model.get_score,
stocks.fa.sec,stocks_fa_nasdaq_model.get_sec_filings,
stocks.fa.shrs,stocks_fa_yahoo_finance_model.get_shareholders,
stocks.fa.similar_dfs,stocks_fa_dcf_model.get_similar_dfs,
stocks.fa.splits,stocks_fa_yahoo_finance_model.get_splits,stocks_fa_yahoo_finance_view.display_splits
stocks.fa.supplier,stocks_fa_csimarket_model.get_suppliers,
stocks.gov.contracts,stocks_gov_quiverquant_model.get_contracts,stocks_gov_quiverquant_view.display_contracts
stocks.gov.government_trading,stocks_gov_quiverquant_model.get_government_trading,
stocks.gov.gtrades,stocks_gov_quiverquant_model.get_cleaned_government_trading,stocks_gov_quiverquant_view.display_government_trading
stocks.gov.histcont,stocks_gov_quiverquant_model.get_hist_contracts,stocks_gov_quiverquant_view.display_hist_contracts
stocks.gov.lastcontracts,stocks_gov_quiverquant_model.get_last_contracts,stocks_gov_quiverquant_view.display_last_contracts
stocks.gov.lasttrades,stocks_gov_quiverquant_model.get_last_government,
stocks.gov.lobbying,stocks_gov_quiverquant_model.get_lobbying,
stocks.gov.qtrcontracts,stocks_gov_quiverquant_model.get_qtr_contracts,stocks_gov_quiverquant_view.display_qtr_contracts
stocks.gov.topbuys,stocks_gov_quiverquant_model.get_government_buys,stocks_gov_quiverquant_view.display_government_buys
stocks.gov.toplobbying,stocks_gov_quiverquant_model.get_top_lobbying,stocks_gov_quiverquant_view.display_top_lobbying
stocks.gov.topsells,stocks_gov_quiverquant_model.get_government_sells,stocks_gov_quiverquant_view.display_government_sells
stocks.ins.act,stocks_insider_businessinsider_model.get_insider_activity,stocks_insider_businessinsider_view.insider_activity
stocks.ins.blcp,stocks_insider_sdk_helper.blcp,
stocks.ins.blcs,stocks_insider_sdk_helper.blcs,
stocks.ins.blip,stocks_insider_sdk_helper.blip,
stocks.ins.blis,stocks_insider_sdk_helper.blis,
stocks.ins.blop,stocks_insider_sdk_helper.blop,
stocks.ins.blos,stocks_insider_sdk_helper.blos,
stocks.ins.filter,stocks_insider_sdk_helper.insider_filter,
stocks.ins.lcb,stocks_insider_sdk_helper.lcb,
stocks.ins.lins,stocks_insider_finviz_model.get_last_insider_activity,stocks_insider_finviz_view.last_insider_activity
stocks.ins.lip,stocks_insider_sdk_helper.lip,
stocks.ins.lis,stocks_insider_sdk_helper.lis,
stocks.ins.lit,stocks_insider_sdk_helper.lit,
stocks.ins.lpsb,stocks_insider_sdk_helper.lpsb,
stocks.ins.print_insider_data,stocks_insider_openinsider_model.get_print_insider_data,stocks_insider_openinsider_view.print_insider_data
stocks.ins.stats,stocks_insider_sdk_helper.stats,
stocks.load,stocks_helper.load,
stocks.news,common_ultima_newsmonitor_model.get_news,
stocks.options.chains,stocks_options_sdk_helper.get_full_option_chain,
stocks.options.dte,stocks_options_helpers.get_dte,
stocks.options.eodchain,stocks_options_intrinio_model.get_full_chain_eod,
stocks.options.expirations,stocks_options_sdk_helper.get_option_expirations,
stocks.options.generate_data,stocks_options_yfinance_model.generate_data,
stocks.options.get_strategies,stocks_options_options_chains_model.get_strategies,
stocks.options.greeks,stocks_options_sdk_helper.get_greeks,
stocks.options.grhist,stocks_options_intrinio_model.get_historical_options,stocks_options_intrinio_view.view_historical_greeks
stocks.options.hist,stocks_options_sdk_helper.hist,
stocks.options.info,stocks_options_barchart_model.get_options_info,stocks_options_barchart_view.print_options_data
stocks.options.last_price,stocks_options_tradier_model.get_last_price,
stocks.options.load_options_chains,stocks_options_sdk_helper.load_options_chains,
stocks.options.oi,stocks_options_view.plot_oi,
stocks.options.pcr,stocks_options_alphaquery_model.get_put_call_ratio,stocks_options_alphaquery_view.display_put_call_ratio
stocks.options.price,stocks_options_sdk_helper.get_option_current_price,
stocks.options.unu,stocks_options_fdscanner_model.unusual_options,stocks_options_fdscanner_view.display_options
stocks.options.voi,stocks_options_view.plot_voi,
stocks.options.vol,stocks_options_view.plot_vol,
stocks.options.vsurf,stocks_options_yfinance_model.get_iv_surface,stocks_options_yfinance_view.display_vol_surface
stocks.process_candle,stocks_helper.process_candle,
stocks.qa.beta,stocks_qa_beta_model.beta_model,stocks_qa_beta_view.beta_view
stocks.qa.capm,stocks_qa_factors_model.capm_information,
stocks.qa.fama_raw,stocks_qa_factors_model.get_fama_raw,
stocks.qa.historical_5,stocks_qa_factors_model.get_historical_5,
stocks.quote,stocks_model.get_quote,stocks_view.display_quote
stocks.screener.screener_data,stocks_screener_finviz_model.get_screener_data,stocks_screener_finviz_view.screener
stocks.search,stocks_helper.search,
stocks.ta.recom,stocks_ta_tradingview_model.get_tradingview_recommendation,stocks_ta_tradingview_view.print_recommendation
stocks.ta.summary,stocks_ta_finbrain_model.get_technical_summary_report,stocks_ta_finbrain_view.technical_summary_report
stocks.th.all,stocks_th_bursa_model.get_all,stocks_th_bursa_view.display_all
stocks.th.check_if_open,stocks_th_bursa_model.check_if_open,
stocks.th.closed,stocks_th_bursa_model.get_closed,stocks_th_bursa_view.display_closed
stocks.th.exchange,stocks_th_bursa_model.get_bursa,stocks_th_bursa_view.display_exchange
stocks.th.open,stocks_th_bursa_model.get_open,stocks_th_bursa_view.display_open
stocks.tob,stocks_cboe_model.get_top_of_book,
ta.ad,common_ta_volume_model.ad,common_ta_volume_view.display_ad
ta.adosc,common_ta_volume_model.adosc,common_ta_volume_view.display_adosc
ta.adx,common_ta_trend_indicators_model.adx,common_ta_trend_indicators_view.display_adx
ta.aroon,common_ta_trend_indicators_model.aroon,common_ta_trend_indicators_view.display_aroon
ta.atr,common_ta_volatility_model.atr,common_ta_volatility_view.display_atr
ta.bbands,common_ta_volatility_model.bbands,common_ta_volatility_view.display_bbands
ta.cci,common_ta_momentum_model.cci,common_ta_momentum_view.display_cci
ta.cg,common_ta_momentum_model.cg,common_ta_momentum_view.display_cg
ta.clenow,common_ta_momentum_model.clenow_momentum,common_ta_momentum_view.display_clenow_momentum
ta.cones,common_ta_volatility_model.cones,common_ta_volatility_view.display_cones
ta.demark,common_ta_momentum_model.demark_seq,common_ta_momentum_view.display_demark
ta.donchian,common_ta_volatility_model.donchian,common_ta_volatility_view.display_donchian
ta.ema,common_ta_overlap_model.ema,
ta.fib,common_ta_custom_indicators_model.calculate_fib_levels,common_ta_custom_indicators_view.fibonacci_retracement
ta.fisher,common_ta_momentum_model.fisher,common_ta_momentum_view.display_fisher
ta.hma,common_ta_overlap_model.hma,
ta.kc,common_ta_volatility_model.kc,common_ta_volatility_view.view_kc
ta.ma,common_ta_overlap_view.view_ma,common_ta_overlap_view.view_ma
ta.macd,common_ta_momentum_model.macd,common_ta_momentum_view.display_macd
ta.obv,common_ta_volume_model.obv,common_ta_volume_view.display_obv
ta.rsi,common_ta_momentum_model.rsi,common_ta_momentum_view.display_rsi
ta.rvol_garman_klass,common_ta_volatility_model.garman_klass,
ta.rvol_hodges_tompkins,common_ta_volatility_model.hodges_tompkins,
ta.rvol_parkinson,common_ta_volatility_model.parkinson,
ta.rvol_rogers_satchell,common_ta_volatility_model.rogers_satchell,
ta.rvol_std,common_ta_volatility_model.standard_deviation,
ta.rvol_yang_zhang,common_ta_volatility_model.yang_zhang,
ta.sma,common_ta_overlap_model.sma,
ta.standard_deviation,common_ta_volatility_model.standard_deviation,
ta.stoch,common_ta_momentum_model.stoch,common_ta_momentum_view.display_stoch
ta.vwap,common_ta_overlap_model.vwap,common_ta_overlap_view.view_vwap
ta.wma,common_ta_overlap_model.wma,
ta.zlma,common_ta_overlap_model.zlma,
whoami,sdk_session.whoami,
